Province,Municipality,Jan,Feb,Mar,Apr,May
Abra,Bangued,16.48,17.38,28.62,68.43,276.08
Abra,Boliney,61.18,48.66,79.14,128.8,292.76
Abra,Bucay,14.32,19.43,36.73,88.37,296.24
Abra,Bucloc,41.83,32.84,60.14,106.69,282.67
Abra,Daguioman,70.39,59.95,91.29,142.93,292.23
Abra,Danglas,39.56,31.47,45.45,90.04,279.23
Abra,Dolores,13.23,18.01,33.01,85.56,297.32
Abra,La Paz,13.74,16.37,27.78,71.47,284.38
Abra,Lacub,93.99,68.23,90.84,138.64,277.13
Abra,Lagangilang,20.09,22.09,41.47,97.22,294.49
Abra,Lagayan,44.69,34.68,50.36,97.82,277.2
Abra,Langiden,17.58,16.46,25.77,60.29,265.02
Abra,Licuan-Baay,50.2,42.31,69.08,119.36,282.75
Abra,Luba,26.39,24.81,44.92,84.32,273.64
Abra,Malibcong,88.94,73.34,101.22,150.43,282.6
Abra,Manabo,18.86,21.04,38.91,81.46,276.96
Abra,Peñarrubia,16.25,18.63,34.75,80.34,285.91
Abra,Pidigan,12.64,14.3,24.08,58.91,265.5
Abra,Pilar,16.02,17.2,30.81,64.47,265.75
Abra,Sallapadan,26.72,25.22,48.51,97.61,284.02
Abra,San Isidro,15.61,17.67,31.81,71.54,277.13
Abra,San Juan,23.84,22.98,39.66,90.86,287.32
Abra,San Quintin,11.69,12.27,19.29,47.36,248.63
Abra,Tayum,11.73,16.56,30.21,79.03,293.84
Abra,Tineg,100.25,67.89,82.41,128.63,267.19
Abra,Tubo,53.24,46.61,77.62,128.47,288.45
Abra,Villaviciosa,26.53,23.9,43.77,84.99,280.61
Agusan del Norte,Buenavista,422.36,282.32,268.11,180.2,222.03
Agusan del Norte,Butuan City,550.3,379.68,340.38,223.66,223.74
Agusan del Norte,Cabadbaran City,586.35,421.82,370.92,251.2,249.93
Agusan del Norte,Carmen,406.37,266.87,244.53,156.88,193.55
Agusan del Norte,Jabonga,610.86,443.07,378.51,251.49,229.12
Agusan del Norte,Kitcharao,639.67,469.03,394.42,261.6,226.65
Agusan del Norte,Las Nieves,418.02,277.2,268.45,183.57,226.08
Agusan del Norte,Magallanes,573.18,407.98,351.44,227.77,207.83
Agusan del Norte,Mainit Lake,637.53,468.49,380.74,246.95,189.62
Agusan del Norte,Nasipit,426.2,283.49,264.25,172.86,209.48
Agusan del Norte,Remedios T. Romualdez,582.11,414.8,367.3,248.83,250.99
Agusan del Norte,Santiago,582.06,420.09,368.72,250.67,251.36
Agusan del Norte,Tubay,611.16,441.87,373.87,243.26,217.54
Agusan del Sur,Bayugan City,593.55,406.05,373.64,251.59,251.3
Agusan del Sur,Bunawan,560.26,389.17,343.48,265.97,249.08
Agusan del Sur,Esperanza,442.91,287.41,281.62,194.99,232
Agusan del Sur,La Paz,371.01,249.81,243.51,198.26,249.44
Agusan del Sur,Loreto,325.29,229.13,217.27,196.09,249.91
Agusan del Sur,Prosperidad,615.96,424.38,389.19,267.5,259.43
Agusan del Sur,Rosario,609.61,420.74,373.35,275.9,253.23
Agusan del Sur,San Francisco,588.9,398.72,363.94,261.74,248.19
Agusan del Sur,San Luis,380.73,247.76,249.21,185.3,241.66
Agusan del Sur,Santa Josefa,463.77,329.96,282.61,243.59,234.13
Agusan del Sur,Sibagat,610.24,433.5,390,264.19,260.71
Agusan del Sur,Talacogon,497.74,328.18,310.13,229.1,239.96
Agusan del Sur,Trento,572.09,404.64,345.83,268.1,239.45
Agusan del Sur,Veruela,346.66,239.27,223.81,203.65,243.36
Aklan,Altavas,205.4,111.56,88.46,77.34,197.47
Aklan,Balete,228.07,122.88,91.98,78.36,218.53
Aklan,Banga,232.45,124.06,91.05,81.16,225.39
Aklan,Batan,198.22,109.43,89.39,77.68,184.66
Aklan,Buruanga,179.35,87.62,60.14,70.77,284.23
Aklan,Ibajay,235.81,116.21,82.65,81.39,269.72
Aklan,Kalibo,196.96,105.83,83.22,83.9,199.71
Aklan,Lezo,219.46,116.33,85.51,84.39,221.48
Aklan,Libacao,191.37,97.53,75.35,75.05,251.59
Aklan,Madalag,175.88,87.39,71.5,76.91,266.22
Aklan,Makato,223.36,115.43,83.94,83.73,238.57
Aklan,Malay,178.79,86.06,59.55,71.33,272.74
Aklan,Malinao,209.05,104.67,78.64,79.34,259.54
Aklan,Nabas,208.38,100.19,69.16,76.09,276.65
Aklan,New Washington,207.08,113.27,89.24,81.23,196.48
Aklan,Numancia,199.81,106.53,81.36,84.76,209.16
Aklan,Tangalan,223.06,111.96,82.54,82.39,249.09
Albay,Bacacay,364.37,237.22,212.72,178.72,190.12
Albay,Bato Lake,178.21,102.08,95.94,90.87,147.38
Albay,Camalig,283.7,175.31,162.7,138.06,169.39
Albay,Daraga,300.98,189.73,173.39,145.48,169.57
Albay,Guinobatan,263.43,158.98,148.26,128.16,168.52
Albay,Jovellar,261.4,159.67,146.53,123.88,155.61
Albay,Legazpi City,324.36,204.58,184.27,153.1,171.95
Albay,Libon,186.79,106.8,100.38,93.66,150.01
Albay,Ligao City,237.58,140.65,131.05,115.54,162.26
Albay,Malilipot,328.21,206.28,187.35,161.26,195.86
Albay,Malinao,301.65,194.37,180.07,156.52,197.23
Albay,Manito,364.16,216.33,191.01,156.73,175.09
Albay,Oas,207.94,119.17,111.45,100.88,152.6
Albay,Pio Duran,228.65,133.15,123.25,107.12,149.63
Albay,Polangui,229.07,134.29,127.8,114.89,169.05
Albay,Rapu-Rapu,383.67,237.25,207.1,171.14,180.14
Albay,Santo Domingo,326.75,206.24,186.92,159.89,190.82
Albay,Tabaco City,316.77,201.22,184.41,159.3,195.5
Albay,Tiwi,278.09,170.48,159.77,143.88,195.88
Antique,Anini-Y,34.42,18.89,24.87,47.14,188.47
Antique,Barbaza,109.93,54.52,53.08,67.49,282.66
Antique,Belison,52.16,27.36,26.46,42.8,224.99
Antique,Bugasong,87.78,43.98,43.33,59.83,265.72
Antique,Caluya,71.96,48.86,27.09,52.24,246.51
Antique,Culasi,144.93,73.2,63.66,72.67,284.77
Antique,Hamtic,43.1,23.56,26.59,45.03,204.56
Antique,Laua-An,92.54,45.76,43.96,60.44,278.87
Antique,Libertad,187.05,90.96,64.25,72.84,287.13
Antique,Pandan,227.81,111.77,79.03,79.22,285.68
Antique,Patnongon,60.12,30.58,30.05,47.51,241.72
Antique,San Jose,44.48,24.53,23.13,37.99,207.43
Antique,San Remigio,76.26,38.44,44.59,62.45,248.3
Antique,Sebaste,199.51,100,74.52,75.78,284.76
Antique,Sibalom,55.63,29.15,32.07,50.47,223.52
Antique,Tibiao,120.92,59.9,51.68,63.95,287.64
Antique,Tobias Fornier,36.87,20.46,25.36,46.49,196.04
Antique,Valderrama,90.56,45.24,49.53,65.82,260.33
Apayao,Calanasan,213.27,132.37,107.21,135.57,216.68
Apayao,Conner,95.91,56.25,71.33,108.22,219.52
Apayao,Flora,80.7,40.76,40.69,47.47,132.15
Apayao,Kabugao,133.33,69.93,72.17,104.55,208.58
Apayao,Luna,195.45,110.05,80.11,87.63,158.05
Apayao,Pudtol,130.93,65.64,58.71,72.48,156.32
Apayao,Santa Marcela,108.51,55.16,45.37,40.22,128.54
Aurora,Baler,148.66,117.14,146.1,155.96,257.85
Aurora,Casiguran,210.28,150.84,169.72,158.74,226.27
Aurora,Dilasag,209.14,144.65,160.31,152.61,216.56
Aurora,Dinalungan,180.19,134.27,156.49,161.2,234.13
Aurora,Dingalan,93.75,56.91,77.23,100.7,228.43
Aurora,Dipaculao,137.3,108.36,135.35,149.95,236.89
Aurora,Maria Aurora,99.23,77.19,106.78,127.9,238.01
Aurora,San Luis,112.75,77.32,108.7,131.43,245.05
Basilan,Akbar,86.39,83.45,75.61,101.63,195.86
Basilan,Al-Barka,100.71,91.57,86.35,116.66,234.07
Basilan,Hadji Mohammad Ajul,83.82,83,77.19,104.03,195.96
Basilan,Isabela City,94.07,84.43,75.98,103.25,209.48
Basilan,Lamitan City,91.65,84.48,75.27,101.64,204.97
Basilan,Lantawan,91.69,82.68,73.44,101.17,188.36
Basilan,Maluso,97.89,89.01,77.78,104.97,193.2
Basilan,Sumisip,103.17,92.58,85.15,115.22,226.44
Basilan,Tipo-Tipo,97.07,90.57,83.19,111.37,221.81
Basilan,Tuburan,89.8,85.43,78.29,105.27,205.09
Basilan,Ungkaya Pukan,100.06,91.99,84.43,113.22,225.56
Bataan,Abucay,18.1,11.13,14.04,33.04,217.24
Bataan,Bagac,16.64,10.07,12.15,30.68,207.52
Bataan,Balanga City,16.15,10.79,11.79,28.91,211.72
Bataan,Dinalupihan,12.57,8.82,12.46,30.61,223.58
Bataan,Hermosa,14.18,9.52,12.88,31.44,222.84
Bataan,Limay,22.48,12.13,14.44,32.97,192.02
Bataan,Mariveles,18.04,9.99,10.89,28.21,174.73
Bataan,Morong,12.09,7.68,10.08,27.36,222.02
Bataan,Orani,15.88,10.24,13.51,32.42,219.29
Bataan,Orion,17.49,10.83,11.41,27.57,191.52
Bataan,Pilar,16.53,10.66,11.55,28.2,202.77
Bataan,Samal,17.43,10.93,14.51,33.93,219.53
Batanes,Basco,228.56,164.5,111.55,91.14,171.53
Batanes,Itbayat,203.45,152.1,104.62,89.88,170.84
Batanes,Ivana,212.53,151.71,102.12,81.73,161.03
Batanes,Mahatao,219.2,156.02,104.85,84.63,164.52
Batanes,Sabtang,212.21,150.94,99.13,79.76,161.51
Batanes,Uyugan,219.17,157.07,105.28,84.79,165.55
Batangas,Agoncillo,33.97,16.22,18.11,35.84,142.49
Batangas,Alitagtag,48.62,25.68,24.88,45.76,150.72
Batangas,Balayan,30.95,15.27,13.21,33.33,150.81
Batangas,Balete,43.63,21.47,26.71,42.06,144.89
Batangas,Batangas City,59.59,34.55,31.6,54.13,139.58
Batangas,Bauan,40.98,21.96,19.15,41.82,135.62
Batangas,Calaca,32.7,17.06,17.64,36.94,157.28
Batangas,Calatagan,26.96,13.67,10.67,32.45,145.47
Batangas,Cuenca,54.99,29.02,30.16,49.24,157.73
Batangas,Ibaan,54.59,30.41,29.14,50.01,139.35
Batangas,Laurel,36.53,17.82,20.83,36.93,157.25
Batangas,Lemery,34.42,17.92,19.32,38.17,153.83
Batangas,Lian,28.39,13.05,9.89,29.55,144.5
Batangas,Lipa City,65.1,34.95,36.47,54.09,159.44
Batangas,Lobo,87.97,50.27,46.49,65.77,143.99
Batangas,Mabini,41.55,23.51,20.45,43.97,136.8
Batangas,Malvar,49.87,25.99,31.16,46.21,156.24
Batangas,Mataas Na Kahoy,50.36,26.74,30.11,46.63,152.92
Batangas,Nasugbu,27.27,13.08,12.47,29.86,149.21
Batangas,Padre Garcia,68.06,36.41,35.64,53.49,141.32
Batangas,Rosario,74.61,40.97,38.99,57.13,137.46
Batangas,San Jose,55.71,29.48,29.83,49.38,151.52
Batangas,San Juan,90.44,50.3,46.42,61.92,129.85
Batangas,San Luis,43.4,21.88,19.96,41.71,141.58
Batangas,San Nicolas,34.77,15.99,18.47,36.19,140.04
Batangas,San Pascual,43.67,23.56,21.31,43.85,139.31
Batangas,Santa Teresita,40.81,20.86,19.94,41.04,145.13
Batangas,Santo Tomas,55.49,28.95,33.91,48.24,161.58
Batangas,Taal,34.66,17.79,17.25,38,140.57
Batangas,Taal lake,33.35,14.97,18.35,34.64,131.48
Batangas,Talisay,36.26,17.23,22.84,36.72,151.95
Batangas,Tanauan City,43.25,20.43,26.57,40.08,155.6
Batangas,Taysan,72.73,41.31,39.04,58.82,140.71
Batangas,Tingloy,44.68,26.25,23.14,47.82,138.46
Batangas,Tuy,31.25,14.91,13.28,32.14,151.89
Benguet,Atok,17.43,15.76,48.45,99.97,227.78
Benguet,Baguio City,13.37,9.76,34.59,80.9,205.11
Benguet,Bakun,26.28,25.44,62.82,122.18,253.1
Benguet,Bokod,19.47,17.21,51.47,102.24,218.54
Benguet,Buguias,34.88,36.99,76.21,140.83,281.48
Benguet,Itogon,12.59,11.44,40.01,84.07,213.53
Benguet,Kabayan,28.83,27.65,66.46,123.26,246.11
Benguet,Kapangan,13.15,11.44,39.57,85.14,229.23
Benguet,Kibungan,20.82,19.14,54.41,110.23,233.07
Benguet,La Trinidad,12.66,10.17,36.22,82.78,213.42
Benguet,Mankayan,30.19,28.75,69.48,125.28,245.31
Benguet,Sablan,11.09,9.45,30.18,65.95,224.1
Benguet,Tuba,11.87,9.62,32.06,72.33,216.32
Benguet,Tublay,13.26,11.51,39.84,87.39,220.4
Biliran,Almeria,224.5,143.18,115.06,111.24,164.92
Biliran,Biliran,228.16,146.21,115.97,111.65,160.97
Biliran,Cabucgayan,240.76,156.74,127.33,119.3,165.76
Biliran,Caibiran,248.57,160.68,127.28,120.28,169.26
Biliran,Culaba,253.86,162.13,131.33,122.42,177.17
Biliran,Kawayan,213.77,140.3,110.71,109.66,159.28
Biliran,Maripipi,208.9,135.85,108.04,106.2,154.48
Biliran,Naval,218.33,140.54,110.34,108.67,158.92
Bohol,Albuquerque,134.51,86.14,70.38,54.88,79.76
Bohol,Alicia,209.37,127.22,105.2,61.38,119.4
Bohol,Anda,231.63,135.8,122.96,66.99,121.1
Bohol,Antequera,146.86,95.39,79.92,56.5,94.19
Bohol,Baclayon,127.45,81.11,67.97,54.62,79.23
Bohol,Balilihan,156.42,102.24,83.22,57.16,95.57
Bohol,Batuan,182.95,118.61,99.58,61.44,114.66
Bohol,Bien Unido,169.17,109.61,84.97,55.22,104.47
Bohol,Bilar,180.28,114.38,101.96,63,118.7
Bohol,Buenavista,171.11,116.42,86.38,55.74,103.64
Bohol,Calape,157.87,100.99,84.78,56.45,100.78
Bohol,Candijay,218.47,128.53,111.8,62.65,118.79
Bohol,Carmen,193.6,126.04,103.9,63,119.41
Bohol,Catigbian,171.96,112.51,92.66,59.05,108.29
Bohol,Clarin,176.33,115.76,88.77,57,102.17
Bohol,Corella,133.98,85.57,71.11,55.38,84.06
Bohol,Cortes,130.93,84.27,69.12,54.78,81.85
Bohol,Dagohoy,199.38,132.26,102.59,62.14,117.22
Bohol,Danao,188.57,127.06,95.7,59.8,111.79
Bohol,Dauis,109.27,68.93,58.46,53.39,72.85
Bohol,Dimiao,179.88,113.25,97.08,61.17,108.92
Bohol,Duero,223.97,138.62,125.35,73.98,138.94
Bohol,Garcia Hernandez,200.19,124.81,111.3,65.85,122.39
Bohol,Guindulman,222.45,133.4,115.16,65.06,122.16
Bohol,Inabanga,172.14,116.66,84.59,55.06,97.43
Bohol,Jagna,212.38,131.53,119.45,70.03,131.57
Bohol,Jetafe,155.17,107.05,79.35,52.66,97.31
Bohol,Lila,168.85,105.95,88.45,58.65,98.16
Bohol,Loay,143.52,91.29,72.57,54.86,80.04
Bohol,Loboc,158.71,101.78,85.98,58.78,99.1
Bohol,Loon,144.37,92.13,81.61,56.66,98.89
Bohol,Mabini,207.28,119.23,105.92,60.02,118.17
Bohol,Maribojoc,139.01,88.72,76.96,56.33,92.01
Bohol,Panglao,106.51,67.38,57.78,53.4,72.83
Bohol,Pilar,208.73,132.62,108.56,63.87,121.87
Bohol,Pres. Carlos P. Garcia,196.33,116.1,97.54,60.44,113.17
Bohol,Sagbayan,179.57,118.3,95.81,59.82,113.57
Bohol,San Isidro,162.58,105.02,88.87,57.96,105.66
Bohol,San Miguel,192.58,125.34,96.34,59.27,113.94
Bohol,Sevilla,158.22,102.73,84.07,57.57,95.29
Bohol,Sierra Bullones,207.63,131.4,112.93,66.82,127.39
Bohol,Sikatuna,144.94,93.65,77.82,56.72,90.18
Bohol,Tagbilaran City,119.65,75.36,62.45,53.92,75.7
Bohol,Talibon,166.27,111.42,83.72,54.77,104
Bohol,Trinidad,181.05,118.33,90.21,57.07,109.76
Bohol,Tubigon,169.95,109.49,86.93,56.34,100.13
Bohol,Ubay,194.76,117.65,97.74,58.86,116.5
Bohol,Valencia,189.89,119.44,105.28,64.12,117.97
Bukidnon,Baungon,137.79,111.59,123.74,125.87,260.18
Bukidnon,Cabanglasan,211.69,151.47,162.04,153.83,265.3
Bukidnon,Damulog,118.31,105.42,104.79,132.41,259.98
Bukidnon,Dangcagan,123.07,105.92,106.62,131.76,280.21
Bukidnon,Don Carlos,118.96,102.68,106.44,126.85,285.3
Bukidnon,Impasug-Ong,230.53,169.13,185.44,163.96,283.53
Bukidnon,Kadingilan,115.21,111.62,112.78,137.73,277.27
Bukidnon,Kalilangan,128.76,113.63,125.54,150.68,307.42
Bukidnon,Kibawe,124.53,106.4,106.86,136.23,276.02
Bukidnon,Kitaotao,133.1,110.95,110.96,136.52,279.47
Bukidnon,Lantapan,172.37,129.73,141.89,159.66,301.04
Bukidnon,Libona,123,100.08,115.27,111.94,256.75
Bukidnon,Malaybalay City,203.17,146.17,156.87,154.47,278.13
Bukidnon,Malitbog,172.79,130.78,143.21,121.24,239.34
Bukidnon,Manolo Fortich,137.84,110.98,126.55,117.33,257.78
Bukidnon,Maramag,125.14,103.67,111.7,129.59,288.88
Bukidnon,Pangantucan,138.37,119.99,131.91,153.79,308.9
Bukidnon,Quezon,162.5,118.29,125.4,145.19,293.9
Bukidnon,San Fernando,207.38,143.53,153.2,159.07,284.56
Bukidnon,Sumilao,166.35,129.54,152.65,147.76,291.01
Bukidnon,Talakag,150.81,122.04,139.42,151.18,298.9
Bukidnon,Valencia City,161.66,125.06,140.18,148.25,292.56
Bulacan,Angat,32.14,19.01,27.27,52.71,213.84
Bulacan,Balagtas,22.69,13.51,19.69,39.69,191.31
Bulacan,Baliuag,22.88,13.27,19.92,45.15,203.2
Bulacan,Bocaue,23.05,13.94,19.62,38.74,187.42
Bulacan,Bulacan,20.5,12.09,17.17,34.63,176.43
Bulacan,Bustos,25.48,15.01,21.67,46.77,205.86
Bulacan,Calumpit,17.77,11.12,17.87,38.93,196.4
Bulacan,Doña Remedios Trinidad,61.41,35.56,51.74,78.09,222.59
Bulacan,Guiguinto,21.86,12.99,19.12,39.4,193.72
Bulacan,Hagonoy,17.56,10.97,15.59,33.65,185.02
Bulacan,Malolos City,19.52,11.66,17.63,36.97,188.65
Bulacan,Marilao,26.82,15.63,21.45,40.74,190.15
Bulacan,Meycauayan City,25.9,14.72,20.35,38.43,183.19
Bulacan,Norzagaray,53.19,31.49,44.41,68.75,219.43
Bulacan,Obando,22.01,11.98,17.06,33.07,168.03
Bulacan,Pandi,26.48,16.26,22.99,46.18,205.3
Bulacan,Paombong,17.74,10.92,16.32,34.4,181.9
Bulacan,Plaridel,20.9,12.65,19.89,41.68,198.1
Bulacan,Pulilan,19.74,12.02,18.17,42.26,200.27
Bulacan,San Ildefonso,33.17,19.01,26.91,55.32,211.36
Bulacan,San Jose del Monte City,35.64,22.14,30.96,53.38,209.12
Bulacan,San Miguel,29.6,17.04,26.56,55.05,203.84
Bulacan,San Rafael,29.87,17.17,24.05,51.13,209.88
Bulacan,Santa Maria,27.11,16.74,23.5,45.38,201.37
Cagayan,Abulug,136.97,74.44,55.24,45.44,131.6
Cagayan,Alcala,25.1,17.43,21.34,27.83,101.47
Cagayan,Allacapan,81.09,39.21,36.66,31.24,113.72
Cagayan,Amulung,26.21,18.51,23.79,34.25,114.34
Cagayan,Aparri,154.43,90.27,63.5,46.25,128.35
Cagayan,Baggao,86.25,47.49,49.72,46.9,118.59
Cagayan,Ballesteros,128.43,68.37,53.68,41.45,130.27
Cagayan,Buguey,94.84,49.02,44.78,30.11,112.78
Cagayan,Calayan,228.84,150.41,93.59,68.32,143.67
Cagayan,Camalaniugan,97.24,49.35,44.02,30.52,117.01
Cagayan,Claveria,206.06,127.57,79.12,77.89,140.75
Cagayan,Enrile,33.42,23.33,27.62,50.96,133.15
Cagayan,Gattaran,80.49,44.1,42.4,39.14,109.21
Cagayan,Gonzaga,166.01,91.34,80.17,63.07,134.63
Cagayan,Iguig,26.29,19.29,22.86,37.14,118.97
Cagayan,Lal-Lo,113.02,58.43,54.93,45.14,119.81
Cagayan,Lasam,39.86,21.48,25.45,27.87,102.17
Cagayan,Pamplona,165.25,93.14,64.01,57.41,134.79
Cagayan,Peñablanca,123.25,69.19,79.55,88.19,162.06
Cagayan,Piat,22.38,17.45,23.91,46.5,138.12
Cagayan,Rizal,40.84,24.28,35.17,60.89,157.94
Cagayan,Sanchez-Mira,212.11,127.79,81.14,77.41,139.99
Cagayan,Santa Ana,167.5,94.08,77.63,54.21,124.74
Cagayan,Santa Praxedes,242.98,155.08,97.16,103.52,155.08
Cagayan,Santa Teresita,99.06,51.26,47.48,32.68,111.76
Cagayan,Santo Niño,58.37,28.05,35.74,49.74,136.42
Cagayan,Solana,28.94,18.77,23.36,45.09,129.82
Cagayan,Tuao,21.4,18.7,26.43,54.52,146.32
Cagayan,Tuguegarao City,35.73,22.49,26.41,45.51,129.06
Camarines Norte,Basud,242.7,145.01,122.48,118.43,167.47
Camarines Norte,Capalonga,216.79,113.07,102.01,96.89,129.78
Camarines Norte,Daet,278.53,172.59,144.34,133.19,172.52
Camarines Norte,Jose Panganiban,243.8,133.49,117.54,109.81,142.86
Camarines Norte,Labo,232.18,128.55,111.7,106.26,147.81
Camarines Norte,Mercedes,229.13,140.08,120.24,117.5,166.25
Camarines Norte,Paracale,263.8,151.1,131.87,121.7,154.39
Camarines Norte,San Lorenzo Ruiz,241.05,139.69,117.29,113.75,164.48
Camarines Norte,San Vicente,258.39,149.19,124.95,118.99,164.93
Camarines Norte,Santa Elena,187.97,96.21,86.93,84.42,125.25
Camarines Norte,Talisay,278.85,170.65,144.55,132.48,168.7
Camarines Norte,Vinzons,277.05,167.42,144.92,131.73,162.95
Camarines Sur,Baao,163.44,97.28,89.87,92.76,159.67
Camarines Sur,Balatan,147.84,84.27,78.34,80.72,144.49
Camarines Sur,Bato,161.98,91.87,86.66,85.17,146.7
Camarines Sur,Bato Lake,169.18,97.62,91.06,88.36,146.45
Camarines Sur,Bombon,141.02,90.62,78.67,89.19,155.04
Camarines Sur,Buhi,228.76,134.83,128.67,118.44,176.46
Camarines Sur,Buhi Lake,222.56,131.43,125.08,114.49,173.71
Camarines Sur,Bula,138.78,82.09,73.69,80.67,147.68
Camarines Sur,Cabusao,150.93,94.08,80.82,87.95,152.16
Camarines Sur,Calabanga,172.41,107.92,97.42,103.64,168.42
Camarines Sur,Camaligan,129.77,81.43,69.39,80.63,148.88
Camarines Sur,Canaman,131.94,82.18,70.19,80.55,147.61
Camarines Sur,Caramoan,299.44,190.98,173.97,161.49,195.35
Camarines Sur,Del Gallego,189.92,105.42,93.9,93.46,150.02
Camarines Sur,Gainza,127.17,78.7,66.99,77.91,144.99
Camarines Sur,Garchitorena,278.75,175.04,157.04,148.86,192.71
Camarines Sur,Goa,220.57,135.82,123.7,123.29,181.44
Camarines Sur,Iriga City,193.25,112.18,106.4,102.49,166.28
Camarines Sur,Lagonoy,247.35,155.67,139.4,135.77,185.96
Camarines Sur,Libmanan,144.03,82.42,70.67,77.87,145.52
Camarines Sur,Lupi,182.81,106.27,90.22,92.16,151.03
Camarines Sur,Magarao,135.5,85.96,73.95,84.39,151.08
Camarines Sur,Milaor,127.74,79.06,66.9,78.57,147.26
Camarines Sur,Minalabac,129.42,76.85,66.86,77.1,145.55
Camarines Sur,Nabua,161.6,93.25,86.03,86.49,151.51
Camarines Sur,Naga City,151.43,95.12,84.33,94.27,164.04
Camarines Sur,Ocampo,176.25,107.55,100.1,103.65,170.62
Camarines Sur,Pamplona,128.8,76.1,64.52,74.44,143.84
Camarines Sur,Pasacao,126.17,70.33,61.11,69.59,138.21
Camarines Sur,Pili,140.79,88.41,77.6,88.8,158.51
Camarines Sur,Presentacion,288.59,182.36,166.27,155.17,196.76
Camarines Sur,Ragay,169.59,95.23,82.88,84.27,144.04
Camarines Sur,Sagnay,223.4,137.04,128.2,122.27,181.01
Camarines Sur,San Fernando,128.35,74.1,64.12,74.16,143.24
Camarines Sur,San Jose,229.74,145.98,133.04,129.15,183.39
Camarines Sur,Sipocot,170.68,100.49,86.25,90.31,151.1
Camarines Sur,Siruma,241.51,156.7,135.95,131.64,174.86
Camarines Sur,Tigaon,214.57,132.34,121.6,119.8,181.38
Camarines Sur,Tinambac,219.33,140.2,122.85,123.21,174.35
Camiguin,Catarman,277.91,160.79,150.04,85.52,147.94
Camiguin,Guinsiliban,290.19,168.6,156.88,87.91,142.71
Camiguin,Mahinog,299.34,176.54,166.22,97.64,162.34
Camiguin,Mambajao,298.37,171.14,157.78,87.57,147.74
Camiguin,Sagay,280.32,165.06,156.04,90.86,152.52
Capiz,Cuartero,147.88,86.18,71.35,72.36,171.35
Capiz,Dao,149.41,84.52,71.95,72.37,166.16
Capiz,Dumalag,151.87,85.79,70.18,72.8,177.7
Capiz,Dumarao,142.94,85.45,67.62,71.63,169.88
Capiz,Ivisan,151.73,82.48,75.61,74.95,162.22
Capiz,Jamindan,169.65,88.37,74.23,76.04,228.76
Capiz,Ma-Ayon,157.96,89.14,77.07,73.4,178.29
Capiz,Mambusao,166.62,93.06,77.3,74.69,176.9
Capiz,Panay,140.28,75.6,77.68,72.49,159.44
Capiz,Panitan,146.99,81.74,74.96,72.77,165.01
Capiz,Pilar,187.01,99.27,93.74,74.46,197.08
Capiz,Pontevedra,156.85,86.18,80.66,72.74,174.85
Capiz,President Roxas,177.32,95.79,87.75,74.5,191.37
Capiz,Roxas City,133.72,72.27,72.35,73.74,150.73
Capiz,Sapi-An,163.94,91.09,78.48,75.13,169.83
Capiz,Sigma,153.41,85.61,74.03,73.68,166.76
Capiz,Tapaz,149.08,77.72,67.55,74.18,225.12
Catanduanes,Bagamanoc,345.72,215.48,187.52,167.94,187.55
Catanduanes,Baras,349.83,215.47,186.92,165.21,182.19
Catanduanes,Bato,333.76,204.64,179.67,161.89,176.47
Catanduanes,Caramoran,339.58,210.45,186.87,168.85,191.37
Catanduanes,Gigmoto,359.04,221.06,190.73,168.36,186.82
Catanduanes,Pandan,337.53,212.25,186.84,167.31,187.21
Catanduanes,Panganiban,349.58,215.87,187.55,167.87,188
Catanduanes,San Andres,326.27,204.66,184.13,168.64,191.26
Catanduanes,San Miguel,350.81,215.36,188.84,168.15,189.39
Catanduanes,Viga,349.68,216.05,186.51,166.94,185.63
Catanduanes,Virac,326.72,203.15,181.6,165.87,184.8
Cavite,Alfonso,42.95,23.3,26.19,43.86,187.75
Cavite,Amadeo,43.68,22.99,28,42.06,186.68
Cavite,Bacoor,27.19,11.3,13.79,23.53,138.51
Cavite,Carmona,32.3,14.6,20.16,30.69,153.8
Cavite,Cavite City,22.41,9.48,11.14,20.36,131.37
Cavite,Dasmariñas,31.24,14.3,18.66,29.57,156.27
Cavite,General Emilio Aguinaldo,31.72,15.3,17.3,32.17,160.74
Cavite,General Mariano Alvarez,32.78,15.42,20.67,31.41,158.47
Cavite,General Trias,28.06,12.46,15.16,26.38,147.84
Cavite,Imus,25.71,10.82,13.17,23.23,138.3
Cavite,Indang,37.4,18.99,23.23,37.28,176.02
Cavite,Kawit,23.42,9.48,11.56,20.77,129.7
Cavite,Magallanes,29.44,14.45,15.39,31.51,157.53
Cavite,Maragondon,29.37,13.24,13.69,29.1,152.51
Cavite,Mendez,46.03,25.23,29.38,46.66,192.89
Cavite,Naic,26.49,11.15,11.97,24.9,137.8
Cavite,Noveleta,24.91,9.97,11.46,21.35,133.53
Cavite,Rosario,25.89,10.63,11.29,21.85,135.69
Cavite,Silang,46.69,23.28,28.67,40.9,183.54
Cavite,Tagaytay City,51.38,27.73,31.9,48.8,189.7
Cavite,Tanza,25.57,10.86,11.85,23.68,137.73
Cavite,Ternate,25.58,10.92,10.92,26.16,139.26
Cavite,Trece Martires City,29.8,13.38,15.99,28.43,152.92
Cebu,Alcantara,144.75,86.95,96.88,66.47,152.65
Cebu,Alcoy,156.25,91.67,108.62,67.51,160.72
Cebu,Alegria,159.11,91.38,109.63,69.79,168.71
Cebu,Aloguinsan,141.1,89.85,86.88,58.93,134.95
Cebu,Argao,149.78,90.7,100.61,63.68,145.98
Cebu,Asturias,146.86,89.79,72.09,52.44,120.67
Cebu,Badian,154.54,90.16,104.17,70.5,165.67
Cebu,Balamban,148.77,92.25,78.2,55.49,128.09
Cebu,Bantayan,146.76,86.92,67.86,64.52,136.56
Cebu,Barili,143.41,90.08,93.37,62.24,145.45
Cebu,Bogo City,127.39,64.57,49.64,58.98,120.61
Cebu,Boljoon,147.78,86.88,102.55,66.07,148.6
Cebu,Borbon,138.47,83.99,63.54,56.76,118.8
Cebu,Carcar,139.79,89.83,87.63,57.86,129.05
Cebu,Carmen,143.05,91.16,74.21,55.89,119.7
Cebu,Catmon,143.05,89.73,72.66,56.34,120.31
Cebu,Cebu City,141.84,91.44,79.58,56.37,125.52
Cebu,Compostela,122.42,81.53,63.94,47.38,100.09
Cebu,Consolacion,111.3,76.83,58.14,44.04,89.18
Cebu,Cordoba,101.93,76.13,57.01,43.27,78.9
Cebu,Daanbantayan,138.93,75.51,59.49,65.88,127.71
Cebu,Dalaguete,158.24,93.43,107.1,67.39,159.69
Cebu,Danao City,137.35,88.6,72.08,53.44,115.22
Cebu,Danao Lake,160.31,107.23,74.88,66.24,110.92
Cebu,Dumanjug,138.85,86.62,93.93,64.94,148.94
Cebu,Ginatilan,149.46,83.87,97.99,68.84,150.66
Cebu,Lapu-Lapu City,104.51,77.3,55.41,42.7,77.99
Cebu,Liloan,112.85,77.78,59.48,44.7,90.63
Cebu,Madridejos,146.84,87.59,70,66.29,137.41
Cebu,Malabuyoc,152.17,86.3,102.21,68.59,153.61
Cebu,Mandaue City,113.29,78.15,55.49,43.71,86.19
Cebu,Medellin,133.74,69.31,56.18,61.23,124.23
Cebu,Minglanilla,141.61,91.27,81.19,55.99,125.97
Cebu,Moalboal,145,86.19,98.22,68.14,155.9
Cebu,Naga City,139.6,90.23,80.83,54.87,122.63
Cebu,Oslob,143.53,83.82,97.48,67.25,148.28
Cebu,Pilar,204.45,141.79,104.49,92.99,128.25
Cebu,Pinamungahan,138.58,89.08,80.68,55.8,126.02
Cebu,Poro,180.54,121.4,87.19,75.97,121.21
Cebu,Ronda,139.81,85.4,93.58,66.28,149.37
Cebu,Samboan,145.23,80.73,90.1,68.21,139.88
Cebu,San Fernando,139.21,89.97,84.26,56.07,124.63
Cebu,San Francisco,162.27,107.77,75.41,65.32,110.93
Cebu,San Remigio,133.18,73.21,56.35,55.88,119.15
Cebu,Santa Fe,141.03,79.79,65.15,63.3,131.35
Cebu,Santander,132.63,74.29,74.93,64.73,115.01
Cebu,Sibonga,145.24,90.46,96.28,62.11,142.1
Cebu,Sogod,141.52,85.99,66.53,54.93,118.08
Cebu,Tabogon,133.4,76.69,55.96,56.99,119.61
Cebu,Tabuelan,142.5,83.68,61.89,53.01,117.37
Cebu,Talisay City,129.18,86.31,72.05,51.43,110.05
Cebu,Toledo City,140.26,89.3,78.26,54.61,125.12
Cebu,Tuburan,147.76,87.31,66.69,50.35,116.89
Cebu,Tudela,188.99,127.46,92.51,80.02,123.04
Compostela Valley,Compostela,463.76,332.11,283,227.92,232.74
Compostela Valley,Laak,332.99,225.72,206.46,200.88,234.52
Compostela Valley,Mabini,284.66,206.06,181.43,184.39,242.89
Compostela Valley,Maco,306.79,227.22,189.78,190.63,232.13
Compostela Valley,Maragusan,335.78,253.23,234.53,214.95,269.02
Compostela Valley,Mawab,354.34,257.73,209.14,195.25,219.11
Compostela Valley,Monkayo,469.33,324.15,281.25,236.4,236.94
Compostela Valley,Montevista,420.3,293.83,250.59,218.4,223.43
Compostela Valley,Nabunturan,393.72,278.71,236.58,210.06,227.38
Compostela Valley,New Bataan,403.85,295.65,263.89,225.12,260.87
Compostela Valley,Pantukan,274,201.19,181.66,184.71,241.05
Davao del Norte,Asuncion,318.04,224.86,187.98,198.48,231.61
Davao del Norte,Braulio E. Dujali,210.01,166.11,126.26,168.76,227.9
Davao del Norte,Carmen,206.71,164.62,122.51,169.46,224.47
Davao del Norte,Kapalong,256.44,177.23,167.27,175.16,253.32
Davao del Norte,New Corella,333.8,235.45,192.93,197.34,227
Davao del Norte,Panabo City,181.12,141.08,113.27,153.92,221.31
Davao del Norte,Samal City,171.38,122.46,109.57,139.46,186.33
Davao del Norte,San Isidro,271,190.83,167.81,178.09,240.1
Davao del Norte,Santo Tomas,210.66,162.41,130.22,166.25,234.92
Davao del Norte,Tagum City,254.02,197.3,144.22,186.97,229.61
Davao del Norte,Talaingod,212.8,152.03,146.34,165.62,275.34
Davao del Sur,Bansalan,128.18,102.74,101.43,140.63,242.08
Davao del Sur,Davao City,160.46,118.87,114.65,153.02,263.75
Davao del Sur,Digos City,133.52,106.38,105.52,141.15,231.34
Davao del Sur,Don Marcelino,172.02,145.26,130.11,147.72,205.27
Davao del Sur,Hagonoy,116.73,103.65,99.94,123.03,171.62
Davao del Sur,Jose Abad Santos,158.22,134.51,121.08,136.54,184.57
Davao del Sur,Kiblawan,108.26,98.2,94.07,117.39,175.21
Davao del Sur,Magsaysay,107.27,90.47,87.78,116.17,195.58
Davao del Sur,Malalag,114.2,102.95,97.31,123.38,178.09
Davao del Sur,Malita,145.76,125.91,114.3,137.79,191.2
Davao del Sur,Matanao,112.55,92.36,96.26,120.54,181.18
Davao del Sur,Padada,117.16,103.72,99.71,122.12,167.91
Davao del Sur,Santa Cruz,136.81,109.58,112.71,152.71,250.22
Davao del Sur,Santa Maria,137.98,118.11,110.15,136.33,187.57
Davao del Sur,Sarangani,151.47,129.62,118.73,126.65,155.92
Davao del Sur,Sulop,116.1,103.14,98.79,121.34,167.09
Davao Oriental,Baganga,476.36,348.71,290.85,229.25,227.94
Davao Oriental,Banaybanay,272.28,194.28,174.55,176.02,223.67
Davao Oriental,Boston,556.99,394.54,339.64,258.37,249.48
Davao Oriental,Caraga,395.94,297.93,250.71,210.56,227.79
Davao Oriental,Cateel,516.11,371.59,314.54,244.79,239.02
Davao Oriental,Governor Generoso,237.09,166.34,143.41,148.65,153.78
Davao Oriental,Lupon,257.63,192.01,166.17,161.73,194.52
Davao Oriental,Manay,348.1,269.23,215.55,183.64,192.42
Davao Oriental,Mati City,246.26,191.14,150.44,148.45,166.84
Davao Oriental,San Isidro,230.1,168.86,139.56,141.63,157.61
Davao Oriental,Tarragona,313.45,243.63,196.68,176.49,197.04
Dinagat Islands,Basilisa,588.15,432.75,334.16,236.53,174.67
Dinagat Islands,Cagdianao,625.73,466.86,363.55,256.12,184.71
Dinagat Islands,Dinagat,616.01,455.92,352.57,247.18,168.18
Dinagat Islands,Libjo,581.08,428.56,330.47,237.15,181.75
Dinagat Islands,Loreto,573.98,426.3,330.17,242.91,197.94
Dinagat Islands,San Jose,614.17,454.2,350.82,246.99,174.39
Dinagat Islands,Tubajon,576.88,427.84,327.78,238.82,185.62
Eastern Samar,Arteche,415.8,282.01,219.59,184.32,209.66
Eastern Samar,Balangiga,470.08,340.04,251.51,208.05,206.48
Eastern Samar,Balangkayan,517.95,361.36,252.65,215.54,222.34
Eastern Samar,Borongan City,511.59,351.18,244.09,214.15,229.07
Eastern Samar,Can-Avid,438.92,294.8,220.11,202.01,220.94
Eastern Samar,Dolores,420.03,283.26,217.27,197.18,217.85
Eastern Samar,General Macarthur,518.3,365.8,261,217.56,213.95
Eastern Samar,Giporlos,485.99,353.49,259.99,213.09,201.83
Eastern Samar,Guiuan,521.57,386.41,292.77,228.37,197.18
Eastern Samar,Hernani,533.29,374.67,265.8,222.95,216.69
Eastern Samar,Jipapad,418.6,289.81,218.26,169.8,202.67
Eastern Samar,Lawaan,446.58,324.02,243.92,201.92,204.04
Eastern Samar,Llorente,516.6,362.23,256.28,216.25,219.25
Eastern Samar,Maslog,415.85,285.12,215.38,181.76,214.04
Eastern Samar,Maydolong,511.71,355.05,246.58,212.46,221.27
Eastern Samar,Mercedes,494.8,359.22,264.42,213.24,195.21
Eastern Samar,Oras,414.38,276.77,219.08,197.53,216.68
Eastern Samar,Quinapondan,494.59,355.75,259.62,214.07,208.61
Eastern Samar,Salcedo,503.64,362.83,263.54,215.78,202.2
Eastern Samar,San Julian,507.52,344.89,242.57,216.25,234.77
Eastern Samar,San Policarpo,419.14,279.85,226.03,197.95,215.75
Eastern Samar,Sulat,493.81,334.97,237.76,214.6,231.9
Eastern Samar,Taft,467.88,315.78,227.8,208.21,226.4
Guimaras,Buenavista,63.36,42.07,51.63,75.6,149.68
Guimaras,Jordan,53.28,34.65,46.14,74.09,155.05
Guimaras,Nueva Valencia,47.8,31.69,41.63,74.84,165.38
Guimaras,San Lorenzo,60.02,40.01,49.73,78.41,162.86
Guimaras,Sibunag,53.11,35.05,45.62,78.12,168.9
Ifugao,Aguinaldo,97.74,86.13,87.38,125.45,227.69
Ifugao,Alfonso Lista,58.07,61.43,55.16,84.35,165.51
Ifugao,Asipulo,69.26,53.33,87.25,137.98,243.71
Ifugao,Banaue,99.47,78.86,107.71,167.06,291.76
Ifugao,Hingyon,98.24,79.45,105.85,154.67,278.28
Ifugao,Hungduan,73.47,61.13,97.07,158.36,289.54
Ifugao,Kiangan,75.84,64.77,89.48,135.64,247.37
Ifugao,Lagawe,73.97,83.99,80.92,118.94,215.52
Ifugao,Lamut,56.27,97.23,68.62,104.19,178.25
Ifugao,Mayoyao,95.69,89.72,92.83,136.97,244.11
Ifugao,Tinoc,54.65,42.45,81.36,140.35,258.21
Ilocos Norte,Adams,235.32,150.74,104.54,123.54,187.43
Ilocos Norte,Bacarra,21.57,13.57,12.31,29.53,171.51
Ilocos Norte,Badoc,15.8,11,14.06,33.58,234.52
Ilocos Norte,Bangui,95.72,64.83,48.02,62.87,164.94
Ilocos Norte,Banna,22.2,16.33,20.09,48.89,230.94
Ilocos Norte,Batac City,18.4,12.43,14.07,36.43,212.98
Ilocos Norte,Burgos,68.46,46.47,36.7,51.39,164.25
Ilocos Norte,Carasi,154.25,105.48,95.99,131.45,237.78
Ilocos Norte,Currimao,13.2,8.7,9.97,26.64,204.43
Ilocos Norte,Dingras,26.42,17.97,20.16,46.72,206.5
Ilocos Norte,Dumalneg,173.34,116.42,83.28,101.91,181.72
Ilocos Norte,Laoag City,18.27,11.42,10.05,28.85,179.62
Ilocos Norte,Marcos,24.06,17.11,20.03,48.2,218.29
Ilocos Norte,Nueva Era,70.15,54.11,62.2,102.37,257.09
Ilocos Norte,Pagudpud,170.13,111.01,73.68,83.11,158.2
Ilocos Norte,Paoay,14.08,8.87,8.61,26.18,196.93
Ilocos Norte,Paoay Lake,14.7,8.8,8.43,26.72,185.31
Ilocos Norte,Pasuquin,47.3,32.18,26.99,44.25,168.51
Ilocos Norte,Piddig,49.74,33.79,31.73,57.68,195.84
Ilocos Norte,Pinili,16.48,11.61,14.56,36.01,229.48
Ilocos Norte,San Nicolas,18.4,11.48,10.82,31.23,189.68
Ilocos Norte,Sarrat,23.71,15.72,15.98,39.81,201.27
Ilocos Norte,Solsona,60.22,40.11,40.61,71.03,207.96
Ilocos Norte,Vintar,108.61,73.7,60.56,85.72,195.85
Ilocos Sur,Alilem,18.88,17.82,40.07,71.8,232.77
Ilocos Sur,Banayoyo,10.25,11.5,16.43,30.49,217.8
Ilocos Sur,Bantay,12.52,10.58,14.48,35.49,227.95
Ilocos Sur,Burgos,10.99,12.12,18.8,38.62,232
Ilocos Sur,Cabugao,11.49,8.57,11.35,27.04,236.14
Ilocos Sur,Candon City,10.09,10.72,14.77,25.78,209.42
Ilocos Sur,Caoayan,8.72,7.14,7.58,20.43,202.34
Ilocos Sur,Cervantes,30.18,28.92,58.43,102.9,260.75
Ilocos Sur,Galimuyod,12.06,13.07,20.04,35.64,221.89
Ilocos Sur,Gregorio Del Pilar,22.47,21.75,40.49,72.42,254.64
Ilocos Sur,Lidlidda,11.86,13.89,22.23,42.9,233.23
Ilocos Sur,Magsingal,13.25,10.53,14.53,34.9,231.88
Ilocos Sur,Nagbukel,11.09,12.89,21.11,48.92,247.81
Ilocos Sur,Narvacan,9.31,10.08,14.79,35.52,229.33
Ilocos Sur,Quirino,33.46,31.21,57.13,98.06,266.59
Ilocos Sur,Salcedo,15.42,16.2,27.1,47.66,230.58
Ilocos Sur,San Emilio,21.44,20.72,38.13,70.58,259.25
Ilocos Sur,San Esteban,9.07,9.2,12.81,26.58,212.36
Ilocos Sur,San Ildefonso,8.89,6.67,7.24,20.36,205.22
Ilocos Sur,San Juan,11.89,9.65,13.43,32.74,236.38
Ilocos Sur,San Vicente,8.24,5.69,6.13,16.94,194.7
Ilocos Sur,Santa,11.43,10.34,14.37,35.13,227.58
Ilocos Sur,Santa Catalina,8.23,5.74,6,16.82,194.83
Ilocos Sur,Santa Cruz,11.55,12.37,20.54,32.46,207.19
Ilocos Sur,Santa Lucia,9.81,10.77,15.01,23.83,201.53
Ilocos Sur,Santa Maria,9.35,10.05,14.49,32.26,224.93
Ilocos Sur,Santiago,9.87,10.02,14.48,28.11,212.68
Ilocos Sur,Santo Domingo,9.74,7.44,9.22,24.51,214.67
Ilocos Sur,Sigay,27.02,23.88,50.52,92.8,258.49
Ilocos Sur,Sinait,13.9,9.95,13.18,30.83,237.27
Ilocos Sur,Sugpon,15.7,14.47,38.11,73.21,228.18
Ilocos Sur,Suyo,17.49,17.01,34.32,59.49,231.01
Ilocos Sur,Tagudin,9.89,11.07,19.53,26.29,193.03
Ilocos Sur,Vigan City,8.87,7.03,7.2,19.94,203.36
Iloilo,Ajuy,153.26,91.36,72.44,73.37,168.96
Iloilo,Alimodian,82.71,44.16,51.6,70.57,205.15
Iloilo,Anilao,111.6,73.71,56.45,71.14,155.31
Iloilo,Badiangan,114.43,63.63,60.76,75.55,178.93
Iloilo,Balasan,190.96,101.72,94.64,73.36,196.93
Iloilo,Banate,111.98,77.81,53.24,67.89,148.33
Iloilo,Barotac Nuevo,98.74,64.94,56.24,72.62,150.87
Iloilo,Barotac Viejo,127.46,82.62,60.34,69.92,157.46
Iloilo,Batad,187.35,101.26,91.47,73.42,193.78
Iloilo,Bingawan,139.14,79.02,65.01,72.41,182.29
Iloilo,Cabatuan,94.29,52.45,56.85,75.81,174.27
Iloilo,Calinog,135.11,73.35,63.11,72.45,197.52
Iloilo,Carles,174.03,95.44,92.61,71.05,179.4
Iloilo,Concepcion,163.77,95.59,80.09,72.84,172.15
Iloilo,Dingle,112.24,70.87,57.91,72.3,161.15
Iloilo,Duenas,121.17,70.64,60.39,73.43,172.85
Iloilo,Dumangas,85.8,57.21,55.88,73.43,148.58
Iloilo,Estancia,184.3,99.67,93.19,72.3,190.8
Iloilo,Guimbal,52.67,31.98,38,61.25,176.94
Iloilo,Igbaras,63.48,34.47,42.67,63.26,216.41
Iloilo,Iloilo City,60.57,40.03,47.14,72.27,141.28
Iloilo,Janiuay,111.5,57.46,58.66,73.69,214.91
Iloilo,Lambunao,125.32,63.9,61.62,74.05,231.42
Iloilo,Leganes,73.67,47.64,51.69,73.79,145.41
Iloilo,Lemery,153.21,90.94,72.61,72.71,174.49
Iloilo,Leon,75.94,40.77,49.11,68.72,211.73
Iloilo,Maasin,95.75,49.66,54.79,71.85,207.4
Iloilo,Miagao,53.61,29.82,36.97,58.41,210.23
Iloilo,Mina,103.34,61.21,58.62,75.87,165.49
Iloilo,New Lucena,92.33,55.69,56.36,75.56,159.71
Iloilo,Oton,61.27,38.24,45.33,70.04,155.78
Iloilo,Passi City,132.37,79.65,63.17,71.8,171.29
Iloilo,Pavia,68.29,43.54,49.39,72.97,149.71
Iloilo,Pototan,103.5,63.57,57.17,74.21,158.83
Iloilo,San Dionisio,176.06,97.81,86,73.4,186.11
Iloilo,San Enrique,124.17,77.69,59.99,71.18,164.56
Iloilo,San Joaquin,43.94,24.37,30.17,51.72,204.67
Iloilo,San Miguel,71.07,42.69,49,71.7,162.32
Iloilo,San Rafael,141.49,84.24,67.27,72.94,174.05
Iloilo,Santa Barbara,80.48,48.73,53.04,74.43,157.18
Iloilo,Sara,167.01,95.21,81.26,73.78,183.61
Iloilo,Tigbauan,56.59,34.89,41.73,65.6,170.11
Iloilo,Tubungan,70.01,37.59,46.28,66.22,218.45
Iloilo,Zarraga,83.5,53.19,53.99,74.13,149.01
Isabela,Alicia,63.69,51.39,57.36,77.34,151.75
Isabela,Angadanan,83.08,58.11,66.28,82.04,158.5
Isabela,Aurora,53.93,44.46,47.41,71.35,146.85
Isabela,Benito Soliven,96.96,59.38,66.14,80.08,149.61
Isabela,Burgos,56.95,41.42,41.4,66.41,136.53
Isabela,Cabagan,80.9,45.52,51.16,72.03,145.07
Isabela,Cabatuan,57.26,45.36,48.66,72.28,145.27
Isabela,Cauayan City,74.9,50.21,57.96,74.55,146.55
Isabela,Cordon,60.27,84.3,65.63,91.94,163
Isabela,Delfin Albano,52.21,34.34,36.24,60.68,132.58
Isabela,Dinapigue,204.26,134.23,146.68,143.74,205.22
Isabela,Divilacan,153.92,88.12,96.17,104.42,172.57
Isabela,Echague,119.18,85.29,96.7,110.24,183.9
Isabela,Gamu,65.31,39.1,41.86,64.83,132.38
Isabela,Ilagan,125.67,76.15,79.44,86.58,150.19
Isabela,Jones,116.8,87.87,96.16,108.17,182.97
Isabela,Luna,61.66,44.64,47.73,69.93,141.88
Isabela,Maconacon,173.11,100.86,111.4,122.46,197.32
Isabela,Mallig,45.64,40.82,38.17,65.88,138.43
Isabela,Naguilian,77.39,49.51,51.64,69.55,137.28
Isabela,Palanan,173.92,107.85,111.08,106.11,165.71
Isabela,Quezon,46.57,37.54,38.29,66.86,140.85
Isabela,Quirino,55.34,38.49,37.86,62.54,132.46
Isabela,Ramon,55.39,63.22,57.89,82.28,156.93
Isabela,Reina Mercedes,67.4,40.89,47.39,67.84,138.18
Isabela,Roxas,47.72,43.88,40.35,67.87,140.36
Isabela,San Agustin,145.6,107.64,119.19,128.36,200.11
Isabela,San Guillermo,143.04,96.86,107.65,113.92,180.69
Isabela,San Isidro,61.36,52.5,58.82,80.33,157.65
Isabela,San Manuel,50.93,42.93,43.01,70.46,142.84
Isabela,San Mariano,150.29,94.08,100.44,104.5,167.56
Isabela,San Mateo,54.63,52.7,53.54,76.09,150.16
Isabela,San Pablo,125.97,70.57,78.58,91.44,165.34
Isabela,Santa Maria,44.54,27.91,30.02,53.41,132.69
Isabela,Santiago City,62.48,77.55,65.14,90.97,165.87
Isabela,Santo Tomas,47.52,32.65,32.43,55.57,131.84
Isabela,Tumauini,74.98,43.92,45.84,65.78,136.19
Kalinga,Balbalan,125.68,88.4,112.86,161.72,288.57
Kalinga,Lubuagan,104.24,78.29,109.58,167.3,305.32
Kalinga,Pasil,114.58,83,111.91,167.08,304.1
Kalinga,Pinukpuk,62.06,36.39,53.36,89.31,197.51
Kalinga,Rizal,35.65,28.16,33.69,63.42,147.32
Kalinga,Tabuk City,51.78,36.7,52.37,84.88,179.36
Kalinga,Tanudan,121.29,73.71,96.85,139.04,270.56
Kalinga,Tinglayan,115.44,80.21,109.9,160.97,296.19
La Union,Agoo,10.48,8.8,13.53,34.57,207.44
La Union,Aringay,10.68,8.7,15.97,37.15,204.75
La Union,Bacnotan,10.24,8.58,17.89,26.88,190.24
La Union,Bagulin,10.97,9.58,25.64,51.09,212.62
La Union,Balaoan,10.19,9.34,19.64,26.13,192.13
La Union,Bangar,9.72,10.09,19.83,25.06,189.37
La Union,Bauang,10.95,7.7,11.86,26.32,192.1
La Union,Burgos,11,9.02,23.16,48.51,210.69
La Union,Caba,10.53,8.18,12.95,30.43,197.46
La Union,Luna,8.74,8.43,18.73,22.63,185.2
La Union,Naguilian,11.02,8.46,15.28,31.34,195.79
La Union,Pugo,11.21,9.71,21.64,48.86,210.53
La Union,Rosario,11.82,10.29,20.38,47.78,216.58
La Union,San Fernando City,10.96,7.82,14.37,27.44,191.12
La Union,San Gabriel,12.96,10.81,29.6,59.59,223.15
La Union,San Juan,10.28,8.16,15.18,25.19,187.91
La Union,Santo Tomas,11.05,9.4,16.41,40.6,213.26
La Union,Santol,12.44,11.73,26.44,46.13,213.81
La Union,Sudipen,11.52,12.04,23.52,35.19,202.23
La Union,Tubao,11.17,9.69,15.87,37.97,208.52
Laguna,Alaminos,64.11,33.21,36.76,51.12,153.78
Laguna,Bay,57.83,27.39,33.58,45.73,155.55
Laguna,Biñan,33.82,14.49,19.67,30.13,149.29
Laguna,Cabuyao,37.3,16.26,23.11,33.88,152.55
Laguna,Calamba City,43.14,19.94,26.87,38.51,160.24
Laguna,Calauan,61.06,29.58,34.86,47.37,152.06
Laguna,Cavinti,103.01,55.29,53.74,67.16,151.96
Laguna,Famy,75.9,40.25,46.47,58.99,162.81
Laguna,Kalayaan,96.11,50.78,51.93,64.6,155.31
Laguna,Kalibato Lake,75.86,42.15,43.54,58.19,150.53
Laguna,Laguna lake,38.22,18.01,25.24,35.05,141.51
Laguna,Liliw,89.66,47.72,49.86,64.89,163.9
Laguna,Los Baños,63.65,31.34,36.41,49.98,166.8
Laguna,Luisiana,101.18,54.54,52.8,66.65,152.59
Laguna,Lumban,93.4,48.81,49.39,61.88,151.81
Laguna,Mabitac,63.72,32.41,39.36,51.45,162.23
Laguna,Magdalena,74.26,36.48,38.05,50.19,149.04
Laguna,Majayjay,98.1,51.94,51.34,66.03,157.5
Laguna,Nagcarlan,80.5,42.59,44.99,59.12,158.96
Laguna,Paete,103.82,54.25,55.64,68.76,160.36
Laguna,Pagsanjan,74.65,36.77,39.2,51.01,150.34
Laguna,Pakil,76.32,39.7,45.14,57.47,160.92
Laguna,Palakpakin Lake,65.75,33.56,37.83,50.66,148.4
Laguna,Pangil,82.64,42.83,47.48,59.79,159.82
Laguna,Pila,58.56,27.98,32.86,44.02,152.51
Laguna,Rizal,83.64,47,49.44,65.3,164.83
Laguna,Sampaloc Lake,65.41,34.5,37.94,52.37,148.48
Laguna,San Pablo City,68.64,36.48,39.12,53.46,148.11
Laguna,San Pedro,31.21,13.56,17.87,28.23,147.54
Laguna,Santa Cruz,62.85,29.5,33.76,44.94,153.55
Laguna,Santa Maria,69.65,37.56,45.55,58.77,169.29
Laguna,Santa Rosa City,35.78,15.44,21.52,32.17,151.78
Laguna,Siniloan,82.37,43.31,48.64,61.39,163.82
Laguna,Victoria,56.85,26.4,32.35,43.37,151.21
Laguna,Waterbody,73.54,39.8,42.07,56.51,150.34
Lanao del Norte,Bacolod,176.4,126.87,129,116.1,204.48
Lanao del Norte,Baloi,143.43,113.96,118.53,132.33,253.79
Lanao del Norte,Baroy,185.32,128.54,152.44,140.24,233.01
Lanao del Norte,Iligan City,121.28,98.72,102.89,104.91,209.22
Lanao del Norte,Kapatagan,146.58,112.27,146.16,161.42,266.45
Lanao del Norte,Kauswagan,157.79,117.84,120.55,105.88,184.61
Lanao del Norte,Kolambugan,206.37,137.69,145.46,125.5,210.95
Lanao del Norte,Lala,171.95,120.66,149.45,144.8,234.3
Lanao del Norte,Linamon,140.92,110,114.23,107.25,192.18
Lanao del Norte,Magsaysay,180.31,128.47,142.45,137.55,240.3
Lanao del Norte,Maigo,187.96,131.95,135.87,124.67,218.02
Lanao del Norte,Matungao,149.95,115.61,120.28,128.12,240.97
Lanao del Norte,Munai,148.02,117.55,131.39,159.02,303.03
Lanao del Norte,Nunungan,141.32,117.97,141.95,167.88,309.28
Lanao del Norte,Pantao Ragat,153.5,118.89,126.09,149.95,283.46
Lanao del Norte,Pantar,146.18,116.36,122.39,147.11,279.29
Lanao del Norte,Poona Piagapo,160.17,121.02,125.12,135.81,252.17
Lanao del Norte,Salvador,169.04,125.1,154.91,150.57,257.91
Lanao del Norte,Sapad,150.41,119.81,150.19,163.35,283.69
Lanao del Norte,Sultan Naga Dimaporo,130.72,108.92,149.31,170.58,283.06
Lanao del Norte,Tagoloan,136.3,110.53,113.2,123.52,238.77
Lanao del Norte,Tangcal,150.39,118.82,134.19,156.61,291.64
Lanao del Norte,Tubod,187.9,130.95,150.81,137.85,234.57
Lanao del Sur,Bacolod Kalawi,139.7,115.21,133.37,165.34,318.18
Lanao del Sur,Balabagan,118.55,116.19,163.99,180.83,343.5
Lanao del Sur,Balindong,137.57,114.41,131.39,162.11,312.23
Lanao del Sur,Bayang,123.68,113,132.76,167.82,314.77
Lanao del Sur,Binidayan,124.49,113.26,133.74,168.23,316.33
Lanao del Sur,Buadiposo-Buntong,129.99,111.23,120.15,149.4,287.61
Lanao del Sur,Bubong,140.05,114.73,129.97,152.24,300.7
Lanao del Sur,Bumbaran,148.31,125.61,143.84,172.69,329.51
Lanao del Sur,Butig,135.82,117.76,134.58,170.56,324.75
Lanao del Sur,Calanogas,133.42,116.23,139.88,172.23,323.3
Lanao del Sur,Dapao Lake,125.53,111.88,132.28,168.32,314.58
Lanao del Sur,Ditsaan-Ramain,133.01,113.36,120.66,150.7,284.81
Lanao del Sur,Ganassi,126.89,112.29,131.67,167.14,315.9
Lanao del Sur,Kapai,135.36,110.16,115.41,133.54,262.39
Lanao del Sur,Kapatagan,117.3,116.79,156.34,179.27,334.62
Lanao del Sur,Lanao Lake,125.52,111.67,125.93,159.44,293.92
Lanao del Sur,Lumba-Bayabao,148.32,123.61,144.29,173.84,329.27
Lanao del Sur,Lumbaca Unayan,125.1,113.33,130.58,167.97,314.43
Lanao del Sur,Lumbatan,126.21,113.45,129.7,166.84,312.75
Lanao del Sur,Lumbayanague,127.12,113.47,128.47,164.98,310.2
Lanao del Sur,Madalum,138.81,114.81,132.53,164.99,317.19
Lanao del Sur,Madamba,137.81,114.56,134.15,166.36,322.06
Lanao del Sur,Maguing,143.33,118.4,135.87,161.85,313.49
Lanao del Sur,Malabang,121.88,115.6,172.67,183.28,352.53
Lanao del Sur,Marantao,141.97,115.46,128.65,158.48,305.2
Lanao del Sur,Marawi City,142.66,116.8,120.94,150.45,286.22
Lanao del Sur,Marogong,127.55,116.93,141.93,174.41,331.5
Lanao del Sur,Masiu,126.34,112.14,125.97,160.58,302.32
Lanao del Sur,Mulondo,129.33,111.31,122.34,153.4,293.02
Lanao del Sur,Pagayawan,127.75,115.05,133.82,169.97,320.02
Lanao del Sur,Piagapo,145.63,115.71,126.74,155.91,299.32
Lanao del Sur,Picong,129.13,114.49,165.09,177.97,325.78
Lanao del Sur,Poona Bayabao,126.67,112.06,124.91,158.86,299.92
Lanao del Sur,Pualas,130.88,113.49,132,167.32,316
Lanao del Sur,Saguiaran,143.9,116.49,120.85,148.29,281.04
Lanao del Sur,Sultan Dumalondong,134.73,118.13,135.1,173.09,331.69
Lanao del Sur,Tagoloan II,129.66,106.95,118.43,135.84,273.69
Lanao del Sur,Tamparan,123.6,111.09,123.78,157.19,293.65
Lanao del Sur,Taraka,125.75,110.72,122.77,155.49,291.82
Lanao del Sur,Tubaran,127.18,115.89,148.08,172.57,324.26
Lanao del Sur,Tugaya,142.23,117.16,139.51,167.72,325.92
Lanao del Sur,Wao,122.54,112.75,122.2,152,310.74
Leyte,Abuyog,432.57,322.49,254.57,205.09,201.77
Leyte,Alangalang,298.89,201.3,158.38,135.03,155.43
Leyte,Albuera,296.1,201.67,161.42,137.17,172.2
Leyte,Babatngon,311.49,208.28,160.85,140.32,165.6
Leyte,Barugo,274.21,181.85,139.92,125.05,151.31
Leyte,Bato,285.7,186.07,138.65,100.89,138.97
Leyte,Baybay City,332.14,233.42,182.25,148.78,176.46
Leyte,Burauen,336.31,237.42,188.39,158.65,182.03
Leyte,Calubian,191.44,122.39,95.03,96.79,145.7
Leyte,Capoocan,249.62,160.28,127.57,116.68,161.71
Leyte,Carigara,274.85,178.4,140.69,125.37,166.29
Leyte,Dagami,327.66,222.1,177.19,149.84,176.12
Leyte,Dulag,379.95,282.7,227.16,188.59,183.97
Leyte,Hilongos,286.46,189.36,140.34,106.47,144.35
Leyte,Hindang,288.97,192.25,144.48,112.18,149.99
Leyte,Inopacan,318.89,218.72,172.03,132.54,170.57
Leyte,Isabel,197.24,130.32,98.83,91.88,135.08
Leyte,Jaro,296.93,196.33,155.09,134.39,170.92
Leyte,Javier,390.44,288.94,228.44,188.51,197.7
Leyte,Julita,365.2,267.7,212.59,177.93,179.63
Leyte,Kananga,225.14,146.22,113.1,106.58,146.99
Leyte,La Paz,363.86,267.97,210.43,175.22,188.9
Leyte,Leyte,208.56,134.73,104.73,102.4,144.48
Leyte,Macarthur,390.55,294.33,233.15,194.62,195.42
Leyte,Mahaplag,395.78,286.21,223.2,177.77,189.36
Leyte,Matag-Ob,199.16,127.42,99.64,95.86,140.89
Leyte,Matalom,280.63,183.57,142.77,98.05,141.18
Leyte,Mayorga,396.6,304.6,243.41,203.18,191.75
Leyte,Merida,207.18,139.34,107.04,98.61,139.74
Leyte,Ormoc City,257.17,173.99,140.34,121.7,163.41
Leyte,Palo,332.17,226.81,182.51,150.47,161.25
Leyte,Palompon,187.17,121.16,91.37,88.67,131.36
Leyte,Pastrana,313.17,213.02,168.77,143.35,164.09
Leyte,San Isidro,186.91,119.08,91.7,93.84,142.47
Leyte,San Miguel,291.07,195.59,151.15,132,155.66
Leyte,Santa Fe,316.96,216.03,171.95,142.64,157.64
Leyte,Tabango,188.56,120.04,92.9,93.58,138.96
Leyte,Tabontabon,347.06,242.97,193.77,162.22,171.71
Leyte,Tacloban City,318.41,219.42,173.04,142.56,160.67
Leyte,Tanauan,348.73,242.61,195.76,161.95,168.98
Leyte,Tolosa,366.63,258.36,214.56,173.34,176.05
Leyte,Tunga,275.39,182.84,140.96,125.47,153.71
Leyte,Villaba,190.4,121.49,94.88,93.5,137.8
Maguindanao,Ampatuan,104.86,108.81,123.32,157.72,265
Maguindanao,Buluan,91.15,88.7,96.93,102.35,196.9
Maguindanao,Buluan Lake,86.47,84.3,94.03,100.16,182.44
Maguindanao,Cotabato City,110.21,117.79,147.77,170.01,287.56
Maguindanao,Datu Abdullah Sanki,103.43,107.17,116,133.47,227.45
Maguindanao,Datu Anggal Midtimbang,112.27,120.26,134.59,158.9,261.46
Maguindanao,Datu Paglas,95.85,91.04,95.04,110.73,197.22
Maguindanao,Datu Piang,107.74,116.17,128.54,147.48,242.56
Maguindanao,Datu Saudi-Ampatuan,105.88,113.87,126.41,146.94,243.94
Maguindanao,Datu Unsay,106.39,112.57,126.77,156.03,261.49
Maguindanao,Gen. S. K. Pendatun,97.26,96.34,104.22,114.19,210.92
Maguindanao,Guindulungan,109.6,116.16,130.96,158.69,263.31
Maguindanao,Mamasapano,104.97,111.78,122.1,139.8,234.47
Maguindanao,Mangudadatu,88.92,86.37,94.45,101.38,186.75
Maguindanao,Pagagawan,109.7,111.38,113.56,132.24,229.06
Maguindanao,Pagalungan,98.92,100.93,108.49,121.99,212.74
Maguindanao,Paglat,92.65,91.01,100.83,109.38,200.36
Maguindanao,Pandag,93.77,91.47,98.71,105.43,201.02
Maguindanao,Rajah Buayan,105,109.97,117.84,133.89,229.24
Maguindanao,Shariff Aguak,105.05,112.56,123.65,144.28,239.64
Maguindanao,South Upi,108.7,112.16,131.95,174.63,292
Maguindanao,Sultan Sa Barongis,103.04,106.06,112.74,126.65,222
Maguindanao,Talayan,109.57,115.91,132.31,162.33,268.86
Maguindanao,Talitay,109.71,118.56,134.02,155.77,255.62
Marinduque,Boac,107.31,66.34,54.61,63.81,143.93
Marinduque,Buenavista,100.25,59.43,50.96,60.38,143.8
Marinduque,Gasan,104.72,65.09,52.96,64.47,148.23
Marinduque,Mogpog,106.17,66.44,56.51,62.47,136.12
Marinduque,Santa Cruz,108.77,62.08,57.28,55.76,129.44
Marinduque,Torrijos,103.03,58.64,53.13,58.32,138.85
Masbate,Aroroy,171.04,93.96,89.66,68.89,119.19
Masbate,Baleno,188.57,105.18,97.89,73.63,120.29
Masbate,Balud,165.72,87.33,86.63,65.41,138.73
Masbate,Batuan,210.86,127.63,111.3,84.96,113.72
Masbate,Cataingan,188.76,116.22,96.63,84.91,136.3
Masbate,Cawayan,184.36,110.57,95.08,75.09,128.87
Masbate,Claveria,158.08,87.46,83.67,74.45,125.04
Masbate,Dimasalang,197.11,121.63,103.13,82.2,125.55
Masbate,Esperanza,175.04,106.14,87.31,81.71,136.7
Masbate,Mandaon,170.91,91.47,87.62,64.81,125.19
Masbate,Masbate City,185.13,106.35,96.4,70.2,112.91
Masbate,Milagros,179.64,99,92.89,66.94,123.79
Masbate,Mobo,195.39,113.76,102.51,76.98,120.72
Masbate,Monreal,225.82,134.14,121.07,94.44,125.1
Masbate,Palanas,197.36,124.16,104.28,85.81,131.86
Masbate,Pio V. Corpuz,178.84,109.48,90.45,84.65,138.8
Masbate,Placer,184.25,110.83,94.68,80.47,135.03
Masbate,San Fernando,217.17,130.48,114.46,87.59,116.35
Masbate,San Jacinto,227.29,134.67,119.2,92.19,122.45
Masbate,San Pascual,127.58,66.65,61.59,62.62,127.32
Masbate,Uson,194.42,116.05,101.27,77.91,123.38
Metropolitan Manila,Kalookan City,31.18,17.17,23.08,41.43,187.98
Metropolitan Manila,Las Piñas,28.58,11.47,13.78,23.35,136.99
Metropolitan Manila,Makati City,27.76,12.22,14.79,25.95,141.23
Metropolitan Manila,Malabon,24.19,12.58,16.91,32,166.29
Metropolitan Manila,Mandaluyong,29.72,13.48,17.02,29.6,151.93
Metropolitan Manila,Manila,27.06,12.38,14.75,27.86,150.65
Metropolitan Manila,Marikina,33.48,17.08,22.75,37.68,170.7
Metropolitan Manila,Muntinlupa,27.95,12.14,16.23,26.1,141.99
Metropolitan Manila,Navotas,23.92,12.01,16.14,30.88,160.73
Metropolitan Manila,Parañaque,27.82,11.45,13.71,23.35,135.22
Metropolitan Manila,Pasay City,26.56,11.05,12.84,23.31,134.84
Metropolitan Manila,Pasig City,32.28,14.86,18.93,31.5,154.54
Metropolitan Manila,Pateros,30.39,13.57,16.53,27.89,144.23
Metropolitan Manila,Quezon City,30.7,16.22,22.51,38.76,177.63
Metropolitan Manila,San Juan,29.26,13.64,17.48,30.53,155.72
Metropolitan Manila,Taguig,27.52,12.19,15.8,26.13,139.06
Metropolitan Manila,Valenzuela,27.27,14.49,19.32,36.16,177.24
Misamis Occidental,Aloran,196.89,123.97,117.81,103.89,184.8
Misamis Occidental,Baliangao,169.17,103.86,88.69,82.53,132.48
Misamis Occidental,Bonifacio,160.57,111.42,129.99,141.38,232.82
Misamis Occidental,Calamba,187.11,114.13,101.43,93.19,158.5
Misamis Occidental,Clarin,194.09,127.79,134.05,124.65,226.37
Misamis Occidental,Concepcion,160.99,106.84,112.27,116.2,224.47
Misamis Occidental,Don Victoriano Chiongbian,145.73,105.97,125.75,140.96,286.41
Misamis Occidental,Jimenez,187.34,122.95,125.36,117.17,218.13
Misamis Occidental,Lopez Jaena,194.07,118.09,103.44,88.76,147.4
Misamis Occidental,Oroquieta City,189.49,118.44,111.32,101.7,180.73
Misamis Occidental,Ozamis City,212.19,136.85,143.4,123.54,211.52
Misamis Occidental,Panaon,196.91,125.71,121.78,107.2,190.73
Misamis Occidental,Plaridel,175.04,106.7,91.93,80.49,128.48
Misamis Occidental,Sapang Dalaga,179.64,109.45,98,94.24,158.46
Misamis Occidental,Sinacaban,190.86,125.05,126.59,115.75,210.18
Misamis Occidental,Tangub City,181.77,122.97,138.22,136.96,229.54
Misamis Occidental,Tudela,191.8,125.77,130.1,120.21,217.95
Misamis Oriental,Alubijid,126.06,89.01,79.96,71.04,134.11
Misamis Oriental,Balingasag,195.56,131.24,125.4,91.35,165.17
Misamis Oriental,Balingoan,262.33,168.77,170.19,115.23,200.16
Misamis Oriental,Binuangan,244.1,150.69,142,89.59,151.96
Misamis Oriental,Cagayan de Oro City,112.03,90.39,86.73,84.3,171.88
Misamis Oriental,Claveria,244.26,171.89,185.02,147.12,259.32
Misamis Oriental,El Salvador City,122.84,89.15,83.19,76.52,151.02
Misamis Oriental,Gingoog City,293.03,198.43,197.76,144.47,227.28
Misamis Oriental,Gitagum,128.66,88.19,80.59,68.31,126.59
Misamis Oriental,Initao,129.39,90.95,83.12,72.08,130.83
Misamis Oriental,Jasaan,162.64,114.07,107.09,84.17,153.96
Misamis Oriental,Kinoguitan,261.05,159.52,150.18,92.02,152.76
Misamis Oriental,Lagonglong,221.65,142.9,137.94,96.09,170.69
Misamis Oriental,Laguindingan,128.27,87.41,78.78,65.48,119.44
Misamis Oriental,Libertad,129.44,90.61,83.87,72.08,135.48
Misamis Oriental,Lugait,124.98,95.78,90.18,81.48,144.62
Misamis Oriental,Magsaysay,391.06,255.25,231.22,146.71,180.45
Misamis Oriental,Manticao,130.44,98.3,95.09,90.54,177.01
Misamis Oriental,Medina,282.94,187.45,188.84,135.59,224.46
Misamis Oriental,Naawan,131.06,95.63,90.01,82.41,158.26
Misamis Oriental,Opol,115.1,88.28,82.78,79.24,158.35
Misamis Oriental,Salay,235.86,151.2,148.69,101.26,181.29
Misamis Oriental,Sugbongcogon,247.9,154.14,148.8,94.78,163.75
Misamis Oriental,Tagoloan,138.5,106.41,96.03,85.29,157.35
Misamis Oriental,Talisayan,277.99,176.34,172.5,113.01,187.77
Misamis Oriental,Villanueva,147.23,108.98,104.55,87.64,165.98
Mountain Province,Barlig,103.7,82.29,114.44,177.37,305.06
Mountain Province,Bauko,46.05,47,89.14,154.37,288.15
Mountain Province,Besao,52.77,49.37,88.02,147.36,286.91
Mountain Province,Bontoc,82.01,68.3,105.76,165.92,295.2
Mountain Province,Natonin,115.49,80.39,97.93,140.37,261.22
Mountain Province,Paracelis,58.73,46.59,51.37,84.1,173.74
Mountain Province,Sabangan,54.85,52.98,95.14,160.34,291.2
Mountain Province,Sadanga,96.76,75.77,108.23,165.77,303.97
Mountain Province,Sagada,64.88,58.34,97.97,162.81,291
Mountain Province,Tadian,41.92,40.21,79.82,135.38,271.59
Negros Occidental,Bacolod City,120.01,72.68,70.64,81.6,185.41
Negros Occidental,Bago City,95.59,58.07,61.17,87.47,194.91
Negros Occidental,Binalbagan,104.01,56.81,72.36,87.11,203.06
Negros Occidental,Cadiz City,173.95,96.71,83.78,77.75,182.89
Negros Occidental,Calatrava,158.38,91.79,80.85,67.66,160.8
Negros Occidental,Candoni,70.28,35.63,51.84,77.77,181.83
Negros Occidental,Cauayan,61.14,31.61,45.36,76.74,180.97
Negros Occidental,Enrique B. Magalona,156.85,91.04,76.42,80.74,173.94
Negros Occidental,Escalante City,164.49,94.5,72.68,61.31,142.98
Negros Occidental,Himamaylan City,93.31,50.93,65.29,86.87,195.34
Negros Occidental,Hinigaran,76.93,46.39,50.75,96.87,204.9
Negros Occidental,Hinoba-An,59.47,30.53,43.99,72.8,163.45
Negros Occidental,Ilog,74,38.72,52.66,80.7,177.66
Negros Occidental,Isabela,98.86,55.73,65.73,90.78,200.56
Negros Occidental,Kabankalan City,86.27,44.63,58.16,82.18,175.71
Negros Occidental,La Carlota City,96.39,55.74,62.32,91.82,209.17
Negros Occidental,La Castellana,104.53,59.38,68.52,91.43,208.11
Negros Occidental,Manapla,181.86,101.62,78.55,81.31,173.52
Negros Occidental,Moises Padilla,105.65,60.72,69.59,88.56,198.16
Negros Occidental,Murcia,131.29,75.35,82.52,84.66,204.85
Negros Occidental,Pontevedra,79.79,48.46,51.76,97.54,210.81
Negros Occidental,Pulupandan,68.67,47.23,52.08,85.16,179.03
Negros Occidental,Sagay City,170.89,97.16,75.77,67.35,155.53
Negros Occidental,Salvador Benedicto,147.38,83.28,92.02,80.56,200.8
Negros Occidental,San Carlos City,145.42,85.39,87.52,75.46,183.95
Negros Occidental,San Enrique,70.48,48.12,49.36,94.15,200.58
Negros Occidental,Silay City,151.06,87.56,79.39,80.48,182.32
Negros Occidental,Sipalay City,51.51,26.85,38.41,71.73,165.57
Negros Occidental,Talisay City,145.24,82.99,85.14,83.39,199.57
Negros Occidental,Toboso,163.99,94.25,75.32,62.83,146.98
Negros Occidental,Valladolid,70.59,47.73,50.69,90.56,193.8
Negros Occidental,Victorias City,172.52,96.66,79.55,82.36,179.89
Negros Oriental,Amlan,138.4,71.43,78.37,71.75,143.45
Negros Oriental,Ayungon,125.82,66.49,87.58,79.33,189.67
Negros Oriental,Bacong,97.35,58.69,54.46,57.11,104.08
Negros Oriental,Bais City,122.3,61.27,78.34,77.4,166.33
Negros Oriental,Basay,58.69,29.69,41.3,70.79,147.99
Negros Oriental,Bayawan City,79.15,38.82,51.77,74.31,150.47
Negros Oriental,Bindoy,128.1,67.24,89.66,78.56,189.52
Negros Oriental,Canlaon City,130.99,73.64,87.61,80.24,198.05
Negros Oriental,Dauin,101.66,60.73,67.27,65.15,143.19
Negros Oriental,Dumaguete City,98.59,61.25,52.47,57.26,92.59
Negros Oriental,Guihulngan City,130.87,73.88,89.67,77.95,191.52
Negros Oriental,Jimalalud,133.86,72.69,93.08,80.71,202.66
Negros Oriental,La Libertad,127.51,70.15,88.07,79.33,191.63
Negros Oriental,Mabinay,107.03,53.23,69.69,80.3,167.9
Negros Oriental,Manjuyod,128.01,65.96,83.83,77.07,164.35
Negros Oriental,Pamplona,125.52,60.62,72.3,73.29,148.81
Negros Oriental,San Jose,135.29,72.07,77.52,69.14,137.83
Negros Oriental,Santa Catalina,88.93,48.02,60.67,68.99,157.29
Negros Oriental,Siaton,72.63,42.01,45.53,53.78,139.9
Negros Oriental,Sibulan,125.4,69.69,81.77,73.5,168.43
Negros Oriental,Tanjay City,122.45,60.51,74.85,75.2,155.26
Negros Oriental,Tayasan,128.41,68.92,91.55,80.52,201.56
Negros Oriental,Valencia,131.21,75.77,90.72,80.99,193.7
Negros Oriental,Vallehermoso,132.43,78.11,82.49,73.58,173.66
Negros Oriental,Zamboanguita,88.81,52.98,57.42,59.63,140.25
North Cotabato,Alamada,126.76,117.34,132.21,164.01,314.18
North Cotabato,Aleosan,112.62,120.14,124.57,144.9,247.31
North Cotabato,Antipas,117.34,103.61,102.43,138.35,262.68
North Cotabato,Arakan,142.95,107.44,112.95,151.33,294.55
North Cotabato,Banisilan,114.2,112.07,118.7,146.97,290.81
North Cotabato,Carmen,114.88,115.79,116.03,140.24,254.12
North Cotabato,Kabacan,110.45,109.56,110.21,131.06,227.16
North Cotabato,Kidapawan City,117.09,99.02,98.29,135.21,240.63
North Cotabato,Libungan,114.44,119.97,130.46,154.61,276.07
North Cotabato,Magpet,138.98,104.31,111.11,154.61,292.69
North Cotabato,Makilala,126.47,103.14,105.39,145.85,253.55
North Cotabato,Matalam,114.04,102.8,102.04,134.72,235.63
North Cotabato,Midsayap,111.54,120.9,129.8,148.4,247.36
North Cotabato,M'Lang,102.88,92.93,96.68,121.27,209.85
North Cotabato,Pigkawayan,113.88,121.27,138.41,159.61,277.42
North Cotabato,Pikit,108.92,114.33,118.94,136.7,234.67
North Cotabato,President Roxas,119.82,104.67,99.31,134.17,246.58
North Cotabato,Tulunan,103.31,88.54,92.46,116.79,212.88
Northern Samar,Allen,316.72,209.73,159.74,126.26,151.75
Northern Samar,Biri,346.86,230.11,179.95,132.7,152.33
Northern Samar,Bobon,325.26,229.57,165.8,132.02,164.51
Northern Samar,Capul,270.26,179.01,142.11,115.3,139.16
Northern Samar,Catarman,343.91,245.28,175.54,133.2,166.97
Northern Samar,Catubig,420.77,297.98,218.67,148.85,187.17
Northern Samar,Gamay,428.59,300.23,227.83,163.11,194.55
Northern Samar,Laoang,439.82,317.18,229.4,132.36,174.37
Northern Samar,Lapinig,414.98,286.99,221.86,171.95,200.6
Northern Samar,Las Navas,392.25,280.37,203.5,151.51,187.1
Northern Samar,Lavezares,326.2,217.32,165.07,127.97,153.06
Northern Samar,Lope de Vega,323.63,235.07,167.88,136.61,172.03
Northern Samar,Mapanas,443.68,311.84,233.04,156.33,192.48
Northern Samar,Mondragon,367.77,265.17,189.95,137.52,174.46
Northern Samar,Palapag,452.1,319.84,235.23,143.23,183.63
Northern Samar,Pambujan,409.64,296.6,212.14,137.15,177.14
Northern Samar,Rosario,329.14,224.06,166.76,129.79,158.4
Northern Samar,San Antonio,280.43,191.1,145.29,119.21,143.62
Northern Samar,San Isidro,297.44,203.49,154.16,128.71,163.61
Northern Samar,San Jose,332.47,230.03,170.03,130.48,159.93
Northern Samar,San Roque,399.54,289.02,205.92,136.21,175.75
Northern Samar,San Vicente,236.85,154.84,126.41,103.5,130.44
Northern Samar,Silvino Lobos,355.62,260.05,186.18,144.93,181.16
Northern Samar,Victoria,314.48,214.35,159.31,128.76,159.26
Nueva Ecija,Aliaga,13.49,6.79,16.66,42.71,174.08
Nueva Ecija,Bongabon,51.44,38.14,68.22,93.75,223.74
Nueva Ecija,Cabanatuan City,20.16,10.07,23.02,45.25,183.73
Nueva Ecija,Cabiao,16.78,8.9,17,47.31,183.61
Nueva Ecija,Carranglan,28.32,24.48,55.45,92.89,209.63
Nueva Ecija,Cuyapo,12.85,11.43,23.03,53.57,202.41
Nueva Ecija,Gabaldon,62.98,44.56,74.69,100.15,230.92
Nueva Ecija,Gapan City,24.4,13.31,22.77,50.58,193.54
Nueva Ecija,General Mamerto Natividad,21.49,13.65,29.46,50.66,194.1
Nueva Ecija,General Tinio,56.21,35.64,57.63,83.81,221.17
Nueva Ecija,Guimba,12.17,8.9,19.31,47.89,189.4
Nueva Ecija,Jaen,15.24,7.26,16.25,44.19,174.31
Nueva Ecija,Laur,42.13,29.9,52.83,77.08,218.15
Nueva Ecija,Licab,12.35,7,17.43,46.82,176.16
Nueva Ecija,Llanera,17.37,12.49,26.76,47.95,195.91
Nueva Ecija,Lupao,16.27,15.96,28.83,57.15,204.55
Nueva Ecija,Muñoz City,12.94,10.82,20.49,44.28,198.35
Nueva Ecija,Nampicuan,13.6,10.68,22.21,53.67,198.25
Nueva Ecija,Palayan City,30.89,20.07,37.79,59.87,203.47
Nueva Ecija,Pantabangan,36.74,33.22,62.47,89.46,215.64
Nueva Ecija,Peñaranda,26.22,13.65,23.77,50,192.23
Nueva Ecija,Quezon,12.19,7.14,17.28,43.38,179.18
Nueva Ecija,Rizal,29.15,22.54,42.98,64.01,208.97
Nueva Ecija,San Antonio,14.83,7.26,16.31,46.69,173.58
Nueva Ecija,San Isidro,18.09,9.44,16.9,46.87,185.99
Nueva Ecija,San Jose City,19.41,17.62,33.01,57.43,206.14
Nueva Ecija,San Leonardo,19.16,9.22,17.18,44.68,181.43
Nueva Ecija,Santa Rosa,22.46,11.32,23.38,47.61,184.98
Nueva Ecija,Santo Domingo,12.5,8.17,18.14,42.4,186.89
Nueva Ecija,Talavera,14.34,9.08,19.86,42.86,187.98
Nueva Ecija,Talugtug,12.79,11.08,21.2,48.34,199.92
Nueva Ecija,Zaragoza,12.91,5.94,16.32,45.75,169.17
Nueva Vizcaya,Alfonso Castaneda,75.08,51.93,90.32,121.97,226.17
Nueva Vizcaya,Ambaguio,53.33,39.18,74.65,123.3,226.6
Nueva Vizcaya,Aritao,35.21,24.71,58.95,99.57,194.88
Nueva Vizcaya,Bagabag,59.48,110.87,72.06,107.44,167.67
Nueva Vizcaya,Bambang,46.72,37.07,66.87,109.38,195.68
Nueva Vizcaya,Bayombong,52.22,46.87,67.61,111.05,192.46
Nueva Vizcaya,Diadi,70.83,103.44,79.38,113.28,180.75
Nueva Vizcaya,Dupax Del Norte,64.81,43.95,80.48,119.46,210.46
Nueva Vizcaya,Dupax Del Sur,56.79,37.28,74.94,113.65,213.73
Nueva Vizcaya,Kasibu,82.59,59.78,93.98,133.07,218.77
Nueva Vizcaya,Kayapa,37.37,25.97,60.43,109.66,224.15
Nueva Vizcaya,Quezon,71.28,72.07,82.63,121.33,194.15
Nueva Vizcaya,Santa Fe,28.49,18.68,52.28,94.62,208.1
Nueva Vizcaya,Solano,52.98,78.75,63.22,102.82,166.51
Nueva Vizcaya,Villaverde,54.66,79.07,68.32,107.86,183.9
Occidental Mindoro,Abra de Ilog,46.2,31.12,27.07,56.87,183.6
Occidental Mindoro,Calintaan,40.11,42.42,20.83,53,199.65
Occidental Mindoro,Looc,23.32,10.94,5.98,30.45,173.38
Occidental Mindoro,Lubang,20.63,8.98,4.24,27.75,183.43
Occidental Mindoro,Magsaysay,38.98,42.13,16.84,47.7,214.02
Occidental Mindoro,Mamburao,38.81,29.45,20.54,51.11,171.04
Occidental Mindoro,Paluan,34.21,22.49,16.49,46.59,184.31
Occidental Mindoro,Rizal,31.5,39.87,14.5,46.26,199.1
Occidental Mindoro,Sablayan,60.72,44.94,33.88,65.91,206.55
Occidental Mindoro,San Jose,35.92,41.39,16.85,48.35,208.34
Occidental Mindoro,Santa Cruz,49.97,38.39,29.4,60.84,185.57
Oriental Mindoro,Baco,94.79,55.47,48.41,74.4,180.35
Oriental Mindoro,Bansud,82.96,54.86,37.7,66.7,193.93
Oriental Mindoro,Bongabong,72.28,51.34,32.63,62.27,194.22
Oriental Mindoro,Bulalacao,46.88,43.49,22.13,52.78,216.47
Oriental Mindoro,Calapan City,112.38,67.15,59.41,78.92,152.64
Oriental Mindoro,Gloria,87.56,58.1,39.41,67.07,181.31
Oriental Mindoro,Mansalay,61.42,47.69,29.76,60.66,211.88
Oriental Mindoro,Naujan,104.86,64.49,52.68,75.73,165.57
Oriental Mindoro,Naujan Lake,101.58,64.87,50.35,72.35,153.79
Oriental Mindoro,Pinamalayan,93.19,60.62,43.47,68.86,170.99
Oriental Mindoro,Pola,100.2,64.24,49.81,72.16,160.77
Oriental Mindoro,Puerto Galera,69.07,41.19,36.86,66.37,197.27
Oriental Mindoro,Roxas,64.79,48.42,27.77,56.99,190.68
Oriental Mindoro,San Teodoro,79.84,47.02,43.53,72.73,200.28
Oriental Mindoro,Socorro,96.67,63.03,45.03,70.35,167.46
Oriental Mindoro,Victoria,102.77,64.71,48.88,73.4,165.29
Palawan,Aborlan,56.69,25.13,24.7,49.42,144.53
Palawan,Agutaya,30.35,16.67,16.98,43.77,217.84
Palawan,Araceli,27.73,14.02,17.04,44.84,176.65
Palawan,Balabac,181.94,69.57,81.52,61.69,124
Palawan,Bataraza,126.8,41.63,59.46,50.5,122.1
Palawan,Brooke's Point,104.62,34.43,50.08,53.58,138.44
Palawan,Busuanga,30.76,20.55,9.9,45.74,202.38
Palawan,Cagayancillo,26.2,13.49,21.17,50.19,164.84
Palawan,Coron,32.28,22.97,11.21,48,208.71
Palawan,Culion,31.8,20.27,11.54,49.05,203.9
Palawan,Cuyo,23.38,10.2,16.45,41.77,196.71
Palawan,Dumaran,32.17,16.31,18.42,45.4,170.96
Palawan,El Nido,31.38,16.85,14.66,44.73,182.23
Palawan,Linapacan,28.18,16.97,13.49,46.73,191.98
Palawan,Magsaysay,23.53,9.73,17.07,41.4,201.37
Palawan,Narra,69.5,26.39,29.89,50.84,143.98
Palawan,Puerto Princesa City,41.43,22.82,27.87,48.19,151.46
Palawan,Quezon,71.9,25.41,33.26,46.4,132.09
Palawan,Rizal,103.03,32.97,49.73,46.15,120.46
Palawan,Roxas,35.65,19.22,21.86,46.23,162.91
Palawan,San Vicente,34.65,18.59,20.82,45.32,163.21
Palawan,Sofronio Espanola,81.86,26.23,36.84,45.33,127.64
Palawan,Taytay,33.33,16.93,16.96,44.69,174.23
Pampanga,Angeles City,19.08,11.62,19.64,51.62,206.88
Pampanga,Apalit,17.55,10.92,17.71,42.27,199.31
Pampanga,Arayat,16.33,9.87,18.69,49.56,190.64
Pampanga,Bacolor,17,10.95,16.63,44.51,201.51
Pampanga,Candaba,20.11,11.92,18.97,47.99,196.66
Pampanga,Floridablanca,14.97,10.25,15.46,39.44,219.72
Pampanga,Guagua,14.81,9.86,16.14,39.61,199.91
Pampanga,Lubao,13.98,9.62,14.57,34.3,203.44
Pampanga,Mabalacat,17.29,10.47,20.37,53.64,213.33
Pampanga,Macabebe,15.39,10.27,17.04,37.38,193.19
Pampanga,Magalang,14.8,8.58,18.85,51.76,185.02
Pampanga,Masantol,15.46,10.21,15.28,33.69,189.53
Pampanga,Mexico,15.67,9.93,17.76,47.48,194.41
Pampanga,Minalin,15.2,10.03,16.6,40.02,193.48
Pampanga,Porac,17.67,11.18,18.05,47.91,217.78
Pampanga,San Fernando City,17.87,11.07,17.37,46.3,200.03
Pampanga,San Luis,17.32,10.89,17.57,45.14,196.53
Pampanga,San Simon,17.02,10.8,16.83,43.82,197.47
Pampanga,Santa Ana,15.43,9.84,17.44,46.13,190.07
Pampanga,Santa Rita,15.5,10.41,15.69,42.5,203.84
Pampanga,Santo Tomas,15.76,10.32,15.91,42.31,195.61
Pampanga,Sasmuan,14.69,9.9,15.77,34.96,194.04
Pangasinan,Agno,9.37,4.42,10.03,40.54,245.94
Pangasinan,Aguilar,12.4,10.63,30.76,65.06,241.28
Pangasinan,Alaminos City,10.8,5.64,12.14,43.71,246.78
Pangasinan,Alcala,13.45,12.01,27.12,61.08,218.32
Pangasinan,Anda,9.8,5.15,9.75,34.46,228.83
Pangasinan,Asingan,12.86,12.8,24.34,55.36,206.4
Pangasinan,Balungao,12.73,12.6,24.34,55.53,207.46
Pangasinan,Bani,9.99,4.75,9.61,38.51,243.5
Pangasinan,Basista,14.49,13.02,31.27,66.49,232.97
Pangasinan,Bautista,12.98,11.92,27.6,61.67,215.25
Pangasinan,Bayambang,14.1,12.82,30.64,65.1,221.39
Pangasinan,Binalonan,13.81,13.03,25.29,56.75,216.52
Pangasinan,Binmaley,14.01,10.8,25.82,61.35,243.62
Pangasinan,Bolinao,9.35,4.53,8.55,32.74,230.36
Pangasinan,Bugallon,12,9.59,27.6,62.01,247.49
Pangasinan,Burgos,9.75,4.88,11.79,45.11,254.02
Pangasinan,Calasiao,15.11,11.82,26.69,62.93,245.4
Pangasinan,Dagupan City,14.64,10.7,23.95,59.18,243.81
Pangasinan,Dasol,10.09,5.68,15.28,48.78,254.39
Pangasinan,Infanta,10.35,6.99,21.69,55.06,252.95
Pangasinan,Labrador,10.29,7.06,21.88,56.59,244.57
Pangasinan,Laoac,14.1,12.56,24.84,56.87,224.12
Pangasinan,Lingayen,13.19,10.06,25.23,59.31,246.93
Pangasinan,Mabini,9.75,5.73,17.53,52.54,250.35
Pangasinan,Malasiqui,14.28,12.47,28.01,63.5,229.67
Pangasinan,Manaoag,14.1,12.49,24.63,57.68,229.58
Pangasinan,Mangaldan,14.82,11.46,23.84,58.26,241.45
Pangasinan,Mangatarem,12.84,11.29,30.93,65.72,233.57
Pangasinan,Mapandan,14.51,12.46,23.66,59.34,233.92
Pangasinan,Natividad,14.55,14.92,35.79,69.98,202.66
Pangasinan,Pozzorubio,13.8,12.48,24.55,54.69,224.79
Pangasinan,Rosales,12.79,11.86,24.51,55.85,207.89
Pangasinan,San Carlos City,15.02,13.1,32.04,66.8,242.2
Pangasinan,San Fabian,12.67,10.64,21.64,51.03,223.87
Pangasinan,San Jacinto,13.98,11.63,22.8,56.02,234.18
Pangasinan,San Manuel,12.29,12.76,27.88,60.1,206.54
Pangasinan,San Nicolas,12.85,13.58,34.95,70.95,201.64
Pangasinan,San Quintin,15.25,14.84,33.75,68.94,205.73
Pangasinan,Santa Barbara,14.6,12.17,25.23,61.51,236.15
Pangasinan,Santa Maria,13.39,13.57,24.7,56.16,209.39
Pangasinan,Santo Tomas,13.18,11.65,26.06,59.17,215.85
Pangasinan,Sison,12.07,11.09,26.68,58.77,215.51
Pangasinan,Sual,10.15,6.21,16.28,50.21,247.42
Pangasinan,Tayug,13.14,14.22,25.79,56.59,204.28
Pangasinan,Umingan,14.35,14.39,27.41,57.85,204.56
Pangasinan,Urbiztondo,14.86,13.73,34.67,68.81,232.39
Pangasinan,Urdaneta City,13.43,12.4,24.71,58.06,219.62
Pangasinan,Villasis,13.19,11.95,25.6,58.91,217.77
Quezon,Agdangan,122.77,68.38,59.3,62.2,111.87
Quezon,Alabat,147.81,73.53,66.5,69.02,112.9
Quezon,Atimonan,135.1,71.64,60.96,66.54,115.66
Quezon,Buenavista,127.72,64.63,57.69,58,124.03
Quezon,Burdeos,181.08,93.32,101.07,102.63,158.23
Quezon,Calauag,160.19,81.31,73.37,72.07,117.9
Quezon,Candelaria,85.94,47.98,46.08,60.9,137.29
Quezon,Catanauan,115.32,58.28,52.01,51.15,119.73
Quezon,Dolores,80.42,45.6,45.07,60.33,145.36
Quezon,General Luna,123.03,64.54,57.51,55.16,117.86
Quezon,General Nakar,106.52,57.4,68.51,87.77,208.13
Quezon,Guinayangan,153.18,79.35,71.11,70.11,125.64
Quezon,Gumaca,133.53,70.81,63.4,62.83,116.4
Quezon,Hinunangan,451.26,332.64,258.56,194.64,174.11
Quezon,Infanta,110.26,55.05,60.77,71.32,159.79
Quezon,Jomalig,220.93,107.56,110.17,103.57,121.79
Quezon,Lopez,140.13,71.85,63.49,62.37,121.24
Quezon,Lucban,117.55,63,58.57,73.46,157.93
Quezon,Lucena City,112.72,60.42,50.83,60.99,115.22
Quezon,Macalelon,127.77,67.6,59.93,57.67,116.76
Quezon,Mauban,126.21,64.79,57.67,68.63,135.06
Quezon,Mulanay,97.93,44.49,39.87,43.17,121.13
Quezon,Padre Burgos,121.82,67.38,57.54,62.66,111.11
Quezon,Pagbilao,121.21,65.46,54.66,63.61,113.52
Quezon,Panukulan,172.32,91.55,99.38,103.96,172.85
Quezon,Patnanungan,196.66,96.48,103.26,100.23,130.31
Quezon,Perez,141.39,70.45,64.52,68.57,112.65
Quezon,Pitogo,128.36,69.36,60.78,59.43,114.78
Quezon,Plaridel,132.86,69.8,62.11,63.67,112.32
Quezon,Polillo,166.28,81.87,86.39,90.37,143.43
Quezon,Quezon,149.25,75.15,68.57,69.1,113.33
Quezon,Real,107.94,55.66,59.83,73.67,173.99
Quezon,Sampaloc,119.81,63.49,56.49,69.68,142.95
Quezon,San Andres,92.28,40.87,37.22,43.93,126.04
Quezon,San Antonio,70.23,37.32,37.34,53.27,134.54
Quezon,San Francisco,88,36.94,32.93,39.67,121.67
Quezon,San Narciso,101.11,46.92,42.45,46.47,123.29
Quezon,Sariaya,95.7,54.18,49.53,62.81,129.46
Quezon,Tagkawayan,184.92,99.14,88.59,86.49,136.19
Quezon,Tayabas City,115.31,64.48,55.33,69.54,135.12
Quezon,Tiaong,70.22,38.12,38.38,53.32,135.05
Quezon,Unisan,126.17,69.79,60.85,62.04,113.81
Quirino,Aglipay,107.5,94.46,100.42,119.91,192.55
Quirino,Cabarroguis,91.86,91.69,92.71,119.05,187.53
Quirino,Diffun,78.73,90.63,82.03,111.05,181.1
Quirino,Maddela,156.1,115.09,135.03,149.52,220.45
Quirino,Nagtipunan,112.82,81.99,114.05,141.51,224.72
Quirino,Saguday,81.27,80.21,77.68,98.24,173.26
Rizal,Angono,34.55,17.54,24.72,37.24,161.94
Rizal,Antipolo City,53.88,30.75,42.03,59.58,194.65
Rizal,Baras,42.8,22.05,30.4,42.78,163.08
Rizal,Binangonan,34.8,17.23,25.2,36.22,153.93
Rizal,Cainta,33.18,16.04,20.97,34.16,159.47
Rizal,Cardona,38.46,19.47,27.87,38.68,155.7
Rizal,Jala-Jala,51.53,26.2,33.87,44.92,156.98
Rizal,Morong,38.44,19.66,27.5,39.86,162.25
Rizal,Pililla,52.21,28.15,36.51,48.7,163.44
Rizal,Rodriguez,61.89,35.69,49.71,71.15,211.14
Rizal,San Mateo,38.07,21.81,30.71,48.47,189.82
Rizal,Tanay,63.13,36.01,46.43,61.83,185.03
Rizal,Taytay,32.08,15.62,21.1,33.43,155.48
Rizal,Teresa,40.54,20.71,28.86,42.53,170.64
Romblon,Alcantara,105.55,50.42,42.23,65.02,196.5
Romblon,Banton,87.75,47.97,42.52,57.16,138.25
Romblon,Cajidiocan,144.16,72.48,68.08,71.74,151.58
Romblon,Calatrava,99.92,49.79,41.16,62.66,154.56
Romblon,Concepcion,81.76,52.21,40.42,62.24,157.9
Romblon,Corcuera,82.71,45.41,39.16,57.2,135.23
Romblon,Ferrol,92.82,42.77,32.44,59.79,202.24
Romblon,Looc,103.27,47.88,37.64,62.44,203.31
Romblon,Magdiwang,133.74,66.14,61.58,69.31,146.31
Romblon,Odiongan,95.05,43.86,35.93,61.77,187.44
Romblon,Romblon,109.12,55.68,49.98,65.71,131.29
Romblon,San Agustin,102.54,50.87,43.6,64.54,158.98
Romblon,San Andres,94.93,46.32,38.73,62.24,163.53
Romblon,San Fernando,136.94,70.14,67.02,73.3,160.54
Romblon,San Jose,135.27,66.23,48.25,66.26,240.01
Romblon,Santa Fe,119.35,57.41,44.3,64.95,214.57
Romblon,Santa Maria,104.01,50.4,43.13,65.65,182.71
Samar,Almagro,205.83,138.17,107.23,106.64,150.35
Samar,Basey,404.24,277,208.94,176.41,192.39
Samar,Calbayog City,281.76,208.84,150.12,136.14,172.27
Samar,Calbiga,389.33,267.76,195.51,175.08,199.58
Samar,Catbalogan City,321.19,220.09,160.3,151.41,187.4
Samar,Daram,276.23,189.14,141.99,135.09,165.98
Samar,Gandara,309.63,221.28,159.56,145.57,184.8
Samar,Hinabangan,426.98,288.24,211.72,189.01,215.82
Samar,Jiabong,349.85,235.88,175.65,160.79,198.06
Samar,Marabut,424.81,309.13,234.07,193.43,194.82
Samar,Matuguinao,383.52,269.47,201.54,162.99,200.16
Samar,Motiong,362.86,251.48,184.99,168.08,201.25
Samar,Pagsanghan,277.63,202.56,144.66,139.11,175.85
Samar,Paranas,400.26,272.16,200.3,180.97,209.87
Samar,Pinabacdao,386.36,263.4,193.7,171.71,196.16
Samar,San Jorge,328.29,233.92,169.79,155.43,191.57
Samar,San Jose de Buan,380.42,260.32,196.61,168.43,206.59
Samar,San Sebastian,362.93,244.43,175.4,162.09,188.1
Samar,Santa Margarita,276.06,212.51,149.08,140.01,176.68
Samar,Santa Rita,348.46,235.46,175.39,152.06,172.31
Samar,Santo Nino,214.27,150.01,115.62,116,157.11
Samar,Tagapul-An,210.92,148.22,114.94,105.83,144.38
Samar,Talalora,295.97,202.14,151.22,137.95,164.73
Samar,Tarangnan,285.71,202.81,144.15,141.32,176.43
Samar,Villareal,331.41,223.91,164.42,148.78,174.49
Samar,Zumarraga,298.44,204.62,152.97,143.89,174.84
Sarangani,Alabel,118.83,107.12,93.18,113.05,151.19
Sarangani,Glan,130.01,115.65,101.03,116.55,151.96
Sarangani,Kiamba,105.5,100.98,96.56,121.88,172.91
Sarangani,Maasim,108.21,100.53,91.97,115.1,161.14
Sarangani,Maitum,98.69,99.96,101.97,129.6,184.69
Sarangani,Malapatan,128.94,114.56,100.01,118.24,158.04
Sarangani,Malungon,123.61,110.08,102.21,129.03,188.9
Shariff Kabunsuan,Barira,118.15,118.87,144.07,169.99,318.25
Shariff Kabunsuan,Buldon,120.3,117.57,136.75,165.89,313.67
Shariff Kabunsuan,Datu Blah T. Sinsuat,108.1,114.06,140.72,181.47,294.63
Shariff Kabunsuan,Datu Odin Sinsuat,109.43,117,141.35,171.25,290.43
Shariff Kabunsuan,Kabuntalan,108.89,118.8,137.3,157.75,258.22
Shariff Kabunsuan,Matanog,119.02,117.77,148.69,174.92,326.4
Shariff Kabunsuan,Northern Kabuntalan,111.41,120.91,136.25,155.21,257.02
Shariff Kabunsuan,Parang,112.96,119.05,151.19,171.31,305.1
Shariff Kabunsuan,Sultan Kudarat,113.27,121.41,145.84,166.41,286.51
Shariff Kabunsuan,Sultan Mastura,112.31,120.25,150.12,169.79,296.82
Shariff Kabunsuan,Upi,109.9,112.7,136.86,179.16,309.11
Siquijor,Enrique Villanueva,114.56,72.58,64.59,56.64,91.53
Siquijor,Larena,124.37,76.57,69.87,59.32,103.59
Siquijor,Lazi,114.99,73.59,64.65,58.54,98.98
Siquijor,Maria,117.01,75.14,65.29,57.79,95.02
Siquijor,San Juan,107.86,68.68,58.73,56.61,93.82
Siquijor,Siquijor,121.86,75.1,69.42,60.31,109.07
Sorsogon,Barcelona,391.82,229.3,188.62,144.72,155.63
Sorsogon,Bulan,310.71,185.2,155.24,120.98,140.04
Sorsogon,Bulusan,360.16,214.89,177.77,139.12,163.41
Sorsogon,Casiguran,396.89,228.15,188.59,146.16,156.07
Sorsogon,Castilla,337.38,199.9,176.61,142.26,158.58
Sorsogon,Donsol,255.9,155.52,140.3,117.25,146.54
Sorsogon,Gubat,405.12,236.31,197.46,152.04,158.46
Sorsogon,Irosin,339.03,201.42,167.99,130.93,152
Sorsogon,Juban,363.8,210.76,176.55,137.75,153
Sorsogon,Magallanes,333.15,196.06,167.6,131.49,147.08
Sorsogon,Matnog,304.31,186.1,153.74,120.19,141.99
Sorsogon,Pilar,297.91,181.78,160.49,131.49,151.87
Sorsogon,Prieto Diaz,400.55,241.89,204.27,158.88,164.88
Sorsogon,Santa Magdalena,329.2,200.69,164.11,127.05,145.04
Sorsogon,Sorsogon City,389.68,227.17,195.3,155.98,170.35
South Cotabato,Banga,87.65,87.06,87.84,107.72,168.76
South Cotabato,General Santos City,93.07,87.07,73.15,92.46,122.03
South Cotabato,Koronadal City,91.27,87.28,87.82,107.14,172.82
South Cotabato,Lake Sebu,118.99,113.11,119.51,156.71,247.99
South Cotabato,Norala,89.44,89.39,96.19,112.06,187.95
South Cotabato,Polomolok,103.75,95.48,86.47,111.69,165.81
South Cotabato,Santo Nino,87.94,88.34,93.91,112.2,181.07
South Cotabato,Surallah,92.93,92.29,94.63,120.58,187.48
South Cotabato,Tampakan,120.63,108.05,108.17,141.63,228.78
South Cotabato,Tantangan,89.38,88.24,94.36,108.51,188.13
South Cotabato,T'Boli,120.29,110.42,109.3,140.85,216.51
South Cotabato,Tupi,108.01,99.7,97.46,126.09,196.28
Southern Leyte,Anahawan,449.24,320.76,254.17,182.14,180.21
Southern Leyte,Bontoc,329.06,224.6,173.74,127.54,156.25
Southern Leyte,Hinunangan,429.92,306.89,241.63,178.1,182.1
Southern Leyte,Hinundayan,455.35,328.19,255.76,186.87,173.53
Southern Leyte,Libagon,397.3,275.58,219.93,158.02,176.13
Southern Leyte,Liloan,427.81,296.06,238.71,161.67,163.57
Southern Leyte,Limasawa,384.4,249.01,208.13,128.96,136.5
Southern Leyte,Maasin City,294.89,193.24,155.98,101.71,145.39
Southern Leyte,Macrohon,325.23,213.05,175.89,110.72,142.27
Southern Leyte,Malitbog,336.02,225.67,184.87,122.01,153.41
Southern Leyte,Padre Burgos,348.82,231.14,192.57,122.79,148.02
Southern Leyte,Pintuyan,471.13,324.02,263,173.82,162.31
Southern Leyte,Saint Bernard,415.18,291.93,226.94,163.07,167.71
Southern Leyte,San Francisco,434.99,296,236.2,157.36,155.92
Southern Leyte,San Juan,437.89,310.96,244.02,173.84,167.95
Southern Leyte,San Ricardo,476.58,329.62,268.59,178.94,167.76
Southern Leyte,Silago,434.21,313.15,247.81,188.86,194.52
Southern Leyte,Sogod,375.21,262.01,209.19,156.37,181.73
Southern Leyte,Tomas Oppus,335.12,227.44,183.61,127.57,160.68
Sultan Kudarat,Bagumbayan,105.18,103.95,113.48,148.36,243.06
Sultan Kudarat,Buluan Lake,82.89,82.23,92.22,99.63,173.8
Sultan Kudarat,Columbio,108.79,90.78,99.15,130.99,218.32
Sultan Kudarat,Esperanza,102.19,104.86,117.33,147.51,249.21
Sultan Kudarat,Isulan,103.78,104.17,116.82,150.54,252.08
Sultan Kudarat,Kalamansig,111.52,113.93,128.94,172.84,272.98
Sultan Kudarat,Lambayong,97.47,99.78,109.28,122.19,217.19
Sultan Kudarat,Lebak,105.73,113.08,130.58,172.08,267.83
Sultan Kudarat,Lutayan,88.26,85.05,89.75,102.03,173.57
Sultan Kudarat,Palimbang,109.32,111.79,120.02,157.82,235.74
Sultan Kudarat,President Quirino,92.63,91.25,99.02,106.42,200.27
Sultan Kudarat,Sen. Ninoy Aquino,111.01,109.37,120.44,161.55,261.5
Sultan Kudarat,Tacurong City,91.9,92.04,101.37,111.76,202.82
Sulu,Hadji Panglima Tahil,116.66,87.33,88.22,136.6,206.8
Sulu,Indanan,127.43,100.01,98.83,142.78,218.51
Sulu,Jolo,136.53,102.23,96.36,150.83,230.61
Sulu,Kalingalan Caluang,124.44,103.79,98.94,137.85,213.78
Sulu,Lugus,107.6,102.11,103.6,120.04,176.31
Sulu,Luuk,119.56,101.66,96.58,136.05,214.72
Sulu,Maimbung,127.46,100.9,98.58,143.48,215.57
Sulu,Old Panamao,120.78,100.45,97.04,140.1,218.94
Sulu,Pandami,105.17,105.79,106.53,112.18,162.31
Sulu,Panglima Estino,122.75,101.17,97.58,141.5,218.29
Sulu,Pangutaran,123.7,88.82,88.02,122.12,183.21
Sulu,Parang,123.43,99.44,98.9,139.04,206.38
Sulu,Pata,118.63,102.7,101.98,136.48,207.49
Sulu,Patikul,125.39,99.17,97.56,143.47,226.11
Sulu,Siasi,107.84,107.49,107.24,115.72,169.16
Sulu,Talipao,125.85,102.23,98.85,143.26,220.36
Sulu,Tapul,110.57,102.18,103.53,126.49,186.19
Sulu,Tongkil,107.91,98.76,93.58,125.31,205.72
Surigao del Norte,Alegria,653.65,481.1,392.99,260.35,210.12
Surigao del Norte,Bacuag,683.58,514.86,408.36,272.4,194.16
Surigao del Norte,Burgos,720.99,560.45,435.95,308.89,208.8
Surigao del Norte,Claver,708.57,537.54,438.11,296.06,236.67
Surigao del Norte,Dapa,779.28,612.46,471.73,328.85,220.05
Surigao del Norte,Del Carmen,750.43,586.07,447.97,314.35,209.53
Surigao del Norte,General Luna,776.44,613.68,474.84,331.74,221.33
Surigao del Norte,Gigaquit,688.19,519.35,419.58,281.11,218.87
Surigao del Norte,Mainit,621.98,449.4,362.3,237.35,184.87
Surigao del Norte,Mainit Lake,632.7,466.32,374.04,244.09,180.61
Surigao del Norte,Malimono,583.72,411.6,337.31,219.52,185.8
Surigao del Norte,Pilar,757.83,593.01,458.31,321.52,216.06
Surigao del Norte,Placer,650.73,480.48,380.17,253.68,180.79
Surigao del Norte,San Benito,736.38,571.58,439.24,310.13,209.12
Surigao del Norte,San Francisco,572.81,403.59,324.29,214.63,171.47
Surigao del Norte,San Isidro,742.59,577.88,446.83,315.05,212.71
Surigao del Norte,Santa Monica,717.64,554.45,431.35,306.12,207.17
Surigao del Norte,Sison,616.91,445.36,351.53,234.06,174.25
Surigao del Norte,Socorro,780.73,616.26,479.21,329.43,221.58
Surigao del Norte,Surigao City,624.08,456.84,356.58,243.38,165.56
Surigao del Norte,Tagana-An,651.08,483.04,378.26,256.08,172.76
Surigao del Norte,Tubod,652.04,482.14,385.72,255.58,190.68
Surigao del Sur,Barobo,683.48,479.21,425.19,298.49,253.65
Surigao del Sur,Bayabas,801.94,607.97,503.76,342.49,256.62
Surigao del Sur,Bislig City,649.58,462.31,394.76,291.16,243.29
Surigao del Sur,Cagwait,786.17,583.17,490.46,334.15,266.96
Surigao del Sur,Cantilan,760.02,590.65,479.39,323.64,255.91
Surigao del Sur,Carmen,745.7,563.8,470.07,317.11,263.52
Surigao del Sur,Carrascal,751.9,579.69,469.66,316.52,249.54
Surigao del Sur,Cortes,823.09,640.44,519.82,352.75,258.99
Surigao del Sur,Hinatuan,720.58,513.26,442.85,313.87,252.04
Surigao del Sur,Lanuza,777.19,592.71,490.18,331.26,264.49
Surigao del Sur,Lianga,676.42,472.67,423.77,292.32,256.91
Surigao del Sur,Lingig,620.1,446.21,375.64,279.04,234.18
Surigao del Sur,Madrid,755.96,583.54,476.47,321.44,259.77
Surigao del Sur,Marihatag,724.43,525.05,457.01,313.27,270.03
Surigao del Sur,San Agustin,711.52,509.06,447.89,307.38,266.08
Surigao del Sur,San Miguel,721.2,527.9,452.45,306.29,261.01
Surigao del Sur,Tagbina,685.6,481.07,419.34,299.61,253.9
Surigao del Sur,Tago,780.54,581.47,486.25,329.9,261.33
Surigao del Sur,Tandag City,782.06,590.58,492.42,331.96,263.03
Tarlac,Anao,12.64,10.75,23.82,56.26,201.71
Tarlac,Bamban,15.05,9.31,20.21,53.81,213.05
Tarlac,Camiling,13.39,12.58,30.97,65.15,217.9
Tarlac,Capas,13.5,8.97,20.64,55.23,207.78
Tarlac,Concepcion,15.31,7.71,18.23,52.93,173.35
Tarlac,Gerona,14.36,10.67,23.11,58.86,194.81
Tarlac,La Paz,13.52,6.43,17.34,50.84,169.31
Tarlac,Mayantoc,13.23,9.65,24.41,59.84,227.37
Tarlac,Moncada,13.25,11.58,26.07,59.58,207.5
Tarlac,Paniqui,13.95,11.56,25.56,60.14,204
Tarlac,Pura,12.93,9.58,21.07,54.32,188.85
Tarlac,Ramos,13.32,10.6,22.48,55.21,194.81
Tarlac,San Clemente,13.13,11.16,29.09,64.02,227.37
Tarlac,San Jose,13.55,9.06,21.57,56.92,222.04
Tarlac,San Manuel,13.33,11.63,25.14,57.47,209.43
Tarlac,Santa Ignacia,13.95,11.66,26.68,62.81,209.29
Tarlac,Tarlac City,14.18,8.49,20,57.57,176.75
Tarlac,Victoria,12.42,7.93,19.17,52,180.44
Tawi-tawi,Bongao,161.08,130.84,121.42,127.26,163.85
Tawi-tawi,Languyan,145,122.39,116.07,122.32,163.87
Tawi-tawi,Mapun,253.98,83.93,94.85,104.39,169.99
Tawi-tawi,Panglima Sugala,154.55,127.69,119.17,125.22,164.65
Tawi-tawi,Sapa-Sapa,142.04,124.33,118.24,122.47,160.58
Tawi-tawi,Sibutu,180.36,140.05,130.35,136.6,170.14
Tawi-tawi,Simunul,161.97,133.11,125.71,130.99,165.82
Tawi-tawi,Sitangkai,181.95,141.37,131.56,138,170.06
Tawi-tawi,South Ubian,116.42,112.82,111.78,115.19,157.95
Tawi-tawi,Tandubas,140.47,122.37,115.45,120.58,162.54
Tawi-tawi,Turtle Islands,289.38,174.89,129.17,112.81,147.67
Zambales,Botolan,11.98,8.01,16.44,44.39,248.93
Zambales,Cabangan,10.37,6.69,13.36,39.11,254.67
Zambales,Candelaria,10.49,6.83,20.99,53.33,246.06
Zambales,Castillejos,11.17,6.4,9.11,28.46,243.87
Zambales,Iba,11.48,7.63,16.39,44.36,263.64
Zambales,Masinloc,10.63,6.94,20.22,50.02,251.95
Zambales,Olongapo City,12.24,7.9,12.8,32.34,231.32
Zambales,Palauig,11.63,7.28,19.65,48.03,257.11
Zambales,San Antonio,9.86,5.55,8.32,26.77,246.66
Zambales,San Felipe,9.36,6.22,10.48,32.51,252.73
Zambales,San Marcelino,14,8.28,14.5,38.77,241.2
Zambales,San Narciso,9.18,5.64,8.91,27.4,251.28
Zambales,Santa Cruz,9.9,6.58,20.99,53.92,251.55
Zambales,Subic,11.67,7.04,10.93,31.39,237.5
Zamboanga del Norte,Bacungan,91.66,77.55,98.22,126.48,257.42
Zamboanga del Norte,Baliguian,62.77,55.81,65.91,97.39,205.32
Zamboanga del Norte,Dapitan City,154.08,95.19,84.18,90.22,153.02
Zamboanga del Norte,Dipolog City,149.86,96.97,91.54,103.9,181.59
Zamboanga del Norte,Godod,82.47,72.31,91.33,121.48,247.92
Zamboanga del Norte,Gutalac,67.11,56.77,66.72,96.86,208.63
Zamboanga del Norte,Jose Dalman,106.06,78.39,87.34,104.32,222.21
Zamboanga del Norte,Kalawit,69.2,62.07,73.07,102.37,213.05
Zamboanga del Norte,Katipunan,141.85,94.69,94.01,108.28,201.99
Zamboanga del Norte,La Libertad,175.01,108.72,101.84,101.57,171.74
Zamboanga del Norte,Labason,67.38,58.8,71.31,99.19,214.32
Zamboanga del Norte,Liloy,69.8,63.6,77.89,103,222
Zamboanga del Norte,Manukan,114.97,80.38,86.41,102.37,214.43
Zamboanga del Norte,Mutia,160.29,105.15,108.23,112.76,203.26
Zamboanga del Norte,Pinan,161.46,104.58,102.39,109.46,189.33
Zamboanga del Norte,Polanco,154.5,98.08,88.7,99.26,166.93
Zamboanga del Norte,Pres. Manuel A. Roxas,130.14,88.09,89.05,104.28,207.73
Zamboanga del Norte,Rizal,172.86,104.71,91.73,91.01,150.92
Zamboanga del Norte,Salug,77.99,69.98,87.92,112.87,238.08
Zamboanga del Norte,Sergio Osmena Sr.,140.54,97.69,109.59,124.44,232.7
Zamboanga del Norte,Siayan,108.43,84.78,102.85,127.24,248.42
Zamboanga del Norte,Sibuco,65.26,60.71,62.46,93.08,180.43
Zamboanga del Norte,Sibutad,159.46,97.95,86,88.71,151.46
Zamboanga del Norte,Sindangan,102.05,82.35,97.55,116.36,242.31
Zamboanga del Norte,Siocon,58.39,54.64,60.96,91.32,182.86
Zamboanga del Norte,Sirawai,60.27,56.63,61.26,91.87,178.56
Zamboanga del Norte,Tampilisan,72.47,66.47,81.39,110.17,229.96
Zamboanga del Sur,Aurora,132.8,100.61,132.55,158.7,251.31
Zamboanga del Sur,Bayog,86.47,77.25,102.59,137.66,254.57
Zamboanga del Sur,Dimataling,88.92,86.22,120.83,169.13,275.33
Zamboanga del Sur,Dinas,89.87,84.53,120.54,170.06,273.89
Zamboanga del Sur,Dumalinao,95.24,84.19,120.84,169.48,272.69
Zamboanga del Sur,Dumingag,122.92,91.6,109.52,133.23,236.97
Zamboanga del Sur,Guipos,93.3,83.77,118.21,166.98,274.45
Zamboanga del Sur,Josefina,154.57,108.07,120.92,133.86,231.99
Zamboanga del Sur,Kumalarang,84.77,77.93,107.85,150.37,256.05
Zamboanga del Sur,Labangan,104.66,85.08,118.71,162.54,253.51
Zamboanga del Sur,Lakewood,95.31,81.66,109.72,147.34,267.13
Zamboanga del Sur,Lakewood Lake,87.76,78.84,110.47,151.33,264.36
Zamboanga del Sur,Lapuyan,86.71,81.16,112.8,159.15,267.52
Zamboanga del Sur,Mahayag,139.09,98.84,116.77,136.36,219.92
Zamboanga del Sur,Margosatubig,83.44,81.33,113.18,160.59,270.05
Zamboanga del Sur,Midsalip,114.16,88.93,112.48,143.26,265.18
Zamboanga del Sur,Molave,145.85,101.88,120.97,137.53,219.04
Zamboanga del Sur,Pagadian City,102.49,85.22,117.37,160.33,268.68
Zamboanga del Sur,Pitogo,85.47,85.83,122.07,169.58,272.9
Zamboanga del Sur,Ramon Magsaysay,123.89,92.57,121.42,153.23,244.1
Zamboanga del Sur,San Miguel,91.85,84.31,117.04,164.73,278.27
Zamboanga del Sur,San Pablo,93.37,86.25,125.53,174.71,280.64
Zamboanga del Sur,Sominot,121.21,92.39,117.3,148.89,250.71
Zamboanga del Sur,Tabina,89.42,89.53,127.99,175,284.75
Zamboanga del Sur,Tambulig,147.74,103.83,128.06,143.24,221.07
Zamboanga del Sur,Tigbao,97.87,83.81,115.12,155.36,274.57
Zamboanga del Sur,Tukuran,119.89,94.66,128.45,164.71,255.21
Zamboanga del Sur,Vincenzo A. Sagun,82.92,81.15,111.57,158.07,259.27
Zamboanga del Sur,Zamboanga City,69.26,66.24,64.54,94.74,178.68
Zamboanga Sibugay,Alicia,75.14,74.63,95.74,135.17,232.1
Zamboanga Sibugay,Buug,82.53,77.21,104.3,144.95,256.32
Zamboanga Sibugay,Diplahan,78.13,74.19,98.19,135.27,241.86
Zamboanga Sibugay,Imelda,77.67,75.05,98.14,137.82,244.86
Zamboanga Sibugay,Ipil,68.16,64.08,75.37,105.72,206.43
Zamboanga Sibugay,Kabasalan,79.74,71.84,91.36,123.99,241.45
Zamboanga Sibugay,Mabuhay,73.99,75.13,94.58,133.97,226.56
Zamboanga Sibugay,Malangas,78.19,75.64,101.44,142.54,246.76
Zamboanga Sibugay,Naga,72.26,67.36,83.24,113.32,222.74
Zamboanga Sibugay,Olutanga,75.13,75.49,90.03,128.01,217.09
Zamboanga Sibugay,Payao,72.27,71.47,91.12,128.13,226.3
Zamboanga Sibugay,Roseller Lim,66.53,61.66,71.35,103.18,207.01
Zamboanga Sibugay,Siay,74.33,71.22,92.68,127.72,232.53
Zamboanga Sibugay,Talusan,74.55,75.6,91.75,130.45,221.94
Zamboanga Sibugay,Titay,70.34,64.74,76.85,107.01,217.1
Zamboanga Sibugay,Tungawan,64,61.05,67.13,98.51,190.4